date,latitude,longitude,temperature,wind_speed,precipitation,humidity
2020-01-01,52.77,-1.62,4.35,3.42,0.32,96.84
2020-01-02,52.77,-1.62,6.98,7.84,0.75,96.05
2020-01-03,52.77,-1.62,5.26,5.77,1.1,94.38
2020-01-04,52.77,-1.62,5.03,5.19,0.18,96.15
2020-01-05,52.77,-1.62,6.36,5.53,0.19,96.22
2020-01-06,52.77,-1.62,5.45,7.51,1.08,95.3
2020-01-07,52.77,-1.62,7.34,7.25,1.64,97.25
2020-01-09,52.77,-1.62,5.86,6.46,7.69,94.07
2020-01-08,52.77,-1.62,6.36,4.44,7.41,94.42
2020-01-10,52.77,-1.62,3.33,4.83,0.3,96.12
2020-01-11,52.77,-1.62,7.38,9.76,8.58,95.24
2020-01-12,52.77,-1.62,5.6,4.98,3.19,96.14
2020-01-13,52.77,-1.62,5.54,9.13,4.35,95.52
2020-01-14,52.77,-1.62,6.78,8.2,12.95,95.68
2020-01-15,52.77,-1.62,4.68,6.29,0.33,94.6
2020-01-16,52.77,-1.62,6.77,9.01,4.46,95.75
2020-01-17,52.77,-1.62,4.46,5.15,3.01,96.86
2020-01-18,52.77,-1.62,2.31,4.62,0.01,95.71
2020-01-19,52.77,-1.62,1.23,2.49,0.11,98.06
2020-01-20,52.77,-1.62,1.69,3.2,0.11,98.58
2020-01-21,52.77,-1.62,4.1,2.74,0.39,98.41
2020-01-22,52.77,-1.62,6.76,2.2,0.49,98.05
2020-01-23,52.77,-1.62,5.08,1.61,0.46,97.97
2020-01-24,52.77,-1.62,5.7,2.25,0.51,98.64
2020-01-25,52.77,-1.62,4.49,4.23,0.54,97.58
2020-01-26,52.77,-1.62,5.5,5.86,4.96,97.33
2020-01-27,52.77,-1.62,4.25,5.57,1.43,97.0
2020-01-28,52.77,-1.62,2.51,7.51,1.16,93.55
2020-01-29,52.77,-1.62,4.28,7.28,0.39,93.75
2020-01-30,52.77,-1.62,7.29,7.08,0.42,95.7
2020-01-31,52.77,-1.62,9.05,8.01,1.2,95.77
2020-02-01,52.77,-1.62,7.18,9.11,0.34,89.44
2020-02-02,52.77,-1.62,7.03,6.99,6.21,94.21
2020-02-03,52.77,-1.62,5.46,7.63,0.72,90.61
2020-02-04,52.77,-1.62,4.7,7.96,1.29,92.43
2020-02-05,52.77,-1.62,4.05,2.29,0.07,95.8
2020-02-06,52.77,-1.62,1.86,2.27,0.12,96.59
2020-02-07,52.77,-1.62,3.46,6.57,0.92,93.94
2020-02-08,52.77,-1.62,6.34,8.85,3.71,89.98
2020-02-09,52.77,-1.62,9.26,15.06,17.02,89.74
2020-02-10,52.77,-1.62,4.02,11.36,7.09,86.66
2020-02-11,52.77,-1.62,2.66,11.71,1.98,85.47
2020-02-12,52.77,-1.62,2.52,7.12,0.64,91.61
2020-02-13,52.77,-1.62,3.93,5.62,11.35,96.15
2020-02-14,52.77,-1.62,5.04,5.84,0.79,98.02
2020-02-15,52.77,-1.62,9.48,11.28,16.59,94.43
2020-02-16,52.77,-1.62,7.36,11.72,17.29,88.46
2020-02-17,52.77,-1.62,5.08,10.03,1.09,88.25
2020-02-18,52.77,-1.62,4.34,8.47,2.51,92.4
2020-02-19,52.77,-1.62,4.46,7.31,3.59,95.06
2020-02-20,52.77,-1.62,5.62,9.65,4.55,91.12
2020-02-21,52.77,-1.62,5.64,9.97,2.15,92.7
2020-02-22,52.77,-1.62,7.67,10.85,3.77,87.79
2020-02-23,52.77,-1.62,5.16,6.4,9.78,91.48
2020-02-24,52.77,-1.62,5.13,8.45,17.86,93.98
2020-02-25,52.77,-1.62,2.84,6.16,3.21,93.62
2020-02-26,52.77,-1.62,2.55,6.74,0.92,91.29
2020-02-27,52.77,-1.62,1.8,5.44,3.19,92.69
2020-02-28,52.77,-1.62,3.9,7.22,13.28,96.42
2020-02-29,52.77,-1.62,5.28,10.92,5.78,88.05
2020-03-02,52.77,-1.62,2.81,4.77,0.32,89.89
2020-03-01,52.77,-1.62,3.6,8.76,0.95,88.79
2020-03-03,52.77,-1.62,3.06,6.09,1.28,93.36
2020-03-04,52.77,-1.62,2.58,2.49,0.87,95.03
2020-03-05,52.77,-1.62,2.77,4.49,0.23,92.04
2020-03-06,52.77,-1.62,2.65,2.02,0.08,87.69
2020-03-07,52.77,-1.62,6.25,7.53,1.21,93.72
2020-03-08,52.77,-1.62,7.22,7.95,4.02,90.83
2020-03-09,52.77,-1.62,5.91,7.61,7.04,93.12
2020-03-10,52.77,-1.62,9.5,8.36,3.36,92.65
2020-03-11,52.77,-1.62,7.29,8.34,3.4,90.44
2020-03-12,52.77,-1.62,4.37,10.34,1.3,85.47
2020-03-13,52.77,-1.62,5.63,4.74,1.52,90.22
2020-03-14,52.77,-1.62,7.02,6.74,2.33,92.28
2020-03-15,52.77,-1.62,7.15,6.74,5.89,91.15
2020-03-16,52.77,-1.62,5.24,4.85,0.13,87.26
2020-03-17,52.77,-1.62,8.71,8.12,0.61,93.8
2020-03-18,52.77,-1.62,6.89,3.71,5.29,92.68
2020-03-19,52.77,-1.62,4.46,2.1,2.03,86.75
2020-03-20,52.77,-1.62,3.74,5.93,0.09,88.28
2020-03-21,52.77,-1.62,3.42,6.87,0.04,83.65
2020-03-22,52.77,-1.62,3.12,4.96,0.0,85.74
2020-03-23,52.77,-1.62,3.74,4.8,0.01,84.72
2020-03-24,52.77,-1.62,6.56,5.29,0.0,89.52
2020-03-25,52.77,-1.62,6.17,3.11,0.0,81.22
2020-03-26,52.77,-1.62,4.28,3.37,0.0,79.04
2020-03-27,52.77,-1.62,3.89,4.71,0.06,85.14
2020-03-28,52.77,-1.62,4.86,7.95,0.18,84.41
2020-03-29,52.77,-1.62,2.29,7.47,0.03,77.74
2020-03-30,52.77,-1.62,4.05,5.23,0.72,88.35
2020-03-31,52.77,-1.62,5.52,3.37,0.32,84.63
2020-04-01,52.77,-1.62,5.03,4.01,0.44,88.1
2020-04-02,52.77,-1.62,6.34,6.41,0.42,91.35
2020-04-03,52.77,-1.62,5.62,3.73,0.21,86.3
2020-04-04,52.77,-1.62,6.95,4.54,0.11,87.59
2020-04-05,52.77,-1.62,10.12,7.45,0.02,80.19
2020-04-06,52.77,-1.62,9.85,5.3,0.79,81.77
2020-04-07,52.77,-1.62,9.2,2.84,0.0,79.98
2020-04-08,52.77,-1.62,12.71,1.51,0.01,74.07
2020-04-09,52.77,-1.62,11.24,4.2,0.03,87.25
2020-04-10,52.77,-1.62,12.52,4.24,0.09,84.03
2020-04-11,52.77,-1.62,13.25,2.72,0.06,83.92
2020-04-12,52.77,-1.62,11.56,3.72,1.29,84.8
2020-04-13,52.77,-1.62,5.11,6.39,0.44,75.46
2020-04-14,52.77,-1.62,5.72,1.12,0.0,70.2
2020-04-15,52.77,-1.62,9.06,1.28,0.0,70.36
2020-04-16,52.77,-1.62,10.15,3.38,0.01,76.84
2020-04-17,52.77,-1.62,8.0,6.77,1.3,83.64
2020-04-18,52.77,-1.62,5.95,4.2,2.63,89.06
2020-04-19,52.77,-1.62,8.03,5.29,0.03,78.72
2020-04-20,52.77,-1.62,7.67,7.7,0.01,78.1
2020-04-21,52.77,-1.62,8.79,7.65,0.01,79.38
2020-04-22,52.77,-1.62,9.88,5.67,0.03,81.35
2020-04-23,52.77,-1.62,10.67,4.13,0.01,80.73
2020-04-24,52.77,-1.62,10.02,2.71,0.0,77.55
2020-04-25,52.77,-1.62,9.13,2.8,0.0,80.64
2020-04-26,52.77,-1.62,11.54,2.92,0.55,85.52
2020-04-27,52.77,-1.62,9.64,2.57,0.43,79.18
2020-04-28,52.77,-1.62,6.34,4.21,9.83,90.61
2020-04-29,52.77,-1.62,7.19,4.74,5.01,88.91
2020-04-30,52.77,-1.62,7.41,6.53,4.0,88.18
2020-05-01,52.77,-1.62,7.92,5.07,1.7,85.97
2020-05-02,52.77,-1.62,8.97,3.97,0.27,83.15
2020-05-03,52.77,-1.62,9.57,1.88,1.27,85.5
2020-05-04,52.77,-1.62,9.87,4.04,0.45,83.48
2020-05-05,52.77,-1.62,8.27,6.13,0.01,74.98
2020-05-06,52.77,-1.62,8.46,2.98,0.0,74.31
2020-05-07,52.77,-1.62,11.86,2.84,0.07,77.9
2020-05-08,52.77,-1.62,13.66,2.24,0.21,82.37
2020-05-09,52.77,-1.62,15.74,1.36,0.18,73.62
2020-05-10,52.77,-1.62,8.36,7.52,1.49,78.64
2020-05-11,52.77,-1.62,5.11,5.94,0.09,72.55
2020-05-12,52.77,-1.62,6.72,4.54,0.29,79.06
2020-05-13,52.77,-1.62,5.99,4.76,0.04,72.28
2020-05-14,52.77,-1.62,6.72,3.08,0.0,73.88
2020-05-16,52.77,-1.62,9.35,3.94,0.11,78.99
2020-05-15,52.77,-1.62,8.79,4.43,0.01,79.79
2020-05-17,52.77,-1.62,11.0,4.07,0.59,84.24
2020-05-18,52.77,-1.62,12.59,5.07,0.25,86.4
2020-05-19,52.77,-1.62,14.85,3.97,0.25,84.41
2020-05-20,52.77,-1.62,16.12,2.82,0.0,80.04
2020-05-21,52.77,-1.62,14.83,3.32,0.08,78.14
2020-05-22,52.77,-1.62,13.35,9.75,2.36,73.57
2020-05-23,52.77,-1.62,11.68,9.57,0.52,73.59
2020-05-24,52.77,-1.62,12.72,6.4,0.35,82.3
2020-05-25,52.77,-1.62,12.88,3.42,0.0,74.93
2020-05-26,52.77,-1.62,14.09,3.13,0.02,80.28
2020-05-27,52.77,-1.62,14.28,2.99,0.01,74.93
2020-05-28,52.77,-1.62,14.64,3.05,0.01,76.23
2020-05-29,52.77,-1.62,14.4,4.05,0.0,71.0
2020-05-31,52.77,-1.62,14.64,5.12,0.02,76.59
2020-05-30,52.77,-1.62,14.05,4.65,0.03,76.86
2020-06-01,52.77,-1.62,14.58,4.09,0.0,76.54
2020-06-02,52.77,-1.62,14.88,2.34,0.15,71.9
2020-06-03,52.77,-1.62,11.63,4.56,12.46,90.45
2020-06-04,52.77,-1.62,9.96,4.46,2.78,83.44
2020-06-05,52.77,-1.62,8.97,7.38,2.17,78.47
2020-06-06,52.77,-1.62,9.67,7.57,3.89,82.82
2020-06-07,52.77,-1.62,10.94,4.2,3.21,89.11
2020-06-08,52.77,-1.62,10.49,2.09,0.34,82.38
2020-06-09,52.77,-1.62,11.47,2.19,1.15,82.82
2020-06-10,52.77,-1.62,11.58,2.75,3.45,85.49
2020-06-11,52.77,-1.62,11.85,7.94,7.49,89.34
2020-06-12,52.77,-1.62,14.42,6.62,5.83,90.24
2020-06-13,52.77,-1.62,16.41,4.29,1.54,81.66
2020-06-14,52.77,-1.62,16.44,2.95,4.27,83.79
2020-06-15,52.77,-1.62,17.48,1.07,2.14,76.81
2020-06-16,52.77,-1.62,16.73,1.64,5.28,81.1
2020-06-18,52.77,-1.62,12.96,3.52,14.11,91.4
2020-06-17,52.77,-1.62,16.06,2.39,8.46,86.87
2020-06-19,52.77,-1.62,13.11,5.29,3.05,87.56
2020-06-20,52.77,-1.62,14.81,4.88,0.69,82.6
2020-06-21,52.77,-1.62,14.69,6.63,6.77,80.01
2020-06-22,52.77,-1.62,14.88,5.82,0.05,79.17
2020-06-23,52.77,-1.62,17.69,4.65,0.11,81.73
2020-06-24,52.77,-1.62,20.12,3.37,0.01,78.57
2020-06-25,52.77,-1.62,20.68,4.65,0.02,76.81
2020-06-26,52.77,-1.62,19.15,3.69,2.17,83.46
2020-06-27,52.77,-1.62,15.25,7.21,10.43,83.96
2020-06-28,52.77,-1.62,12.87,8.75,2.51,80.96
2020-06-29,52.77,-1.62,12.23,9.28,2.01,84.5
2020-06-30,52.77,-1.62,13.68,4.4,1.16,85.73
2020-07-01,52.77,-1.62,14.96,4.01,4.89,87.16
2020-07-02,52.77,-1.62,14.26,2.96,4.53,86.5
2020-07-03,52.77,-1.62,13.49,7.74,5.18,89.97
2020-07-04,52.77,-1.62,16.5,7.35,2.67,88.24
2020-07-06,52.77,-1.62,12.88,7.11,0.76,78.93
2020-07-05,52.77,-1.62,14.54,10.08,1.57,75.93
2020-07-07,52.77,-1.62,12.11,3.24,12.2,88.17
2020-07-08,52.77,-1.62,13.71,2.8,10.64,92.0
2020-07-09,52.77,-1.62,13.26,3.48,10.5,92.21
2020-07-10,52.77,-1.62,12.35,5.72,0.99,81.37
2020-07-11,52.77,-1.62,12.51,4.28,0.19,79.46
2020-07-12,52.77,-1.62,13.72,2.03,0.0,74.53
2020-07-13,52.77,-1.62,14.97,4.49,2.74,87.63
2020-07-14,52.77,-1.62,13.26,4.07,0.75,84.29
2020-07-15,52.77,-1.62,13.82,4.44,1.86,88.18
2020-07-16,52.77,-1.62,16.68,4.56,0.31,85.7
2020-07-17,52.77,-1.62,17.46,4.25,0.24,82.67
2020-07-18,52.77,-1.62,15.6,4.63,3.09,88.26
2020-07-19,52.77,-1.62,13.57,4.39,0.78,76.58
2020-07-20,52.77,-1.62,12.54,4.04,0.01,77.32
2020-07-21,52.77,-1.62,14.01,2.34,0.02,74.47
2020-07-22,52.77,-1.62,15.11,3.75,0.18,76.92
2020-07-23,52.77,-1.62,15.2,4.57,1.86,87.07
2020-07-24,52.77,-1.62,16.89,3.53,1.8,84.61
2020-07-25,52.77,-1.62,16.51,4.95,7.67,89.92
2020-07-26,52.77,-1.62,15.32,5.94,1.94,83.95
2020-07-27,52.77,-1.62,15.26,7.9,11.96,86.8
2020-07-28,52.77,-1.62,13.08,6.9,0.51,79.79
2020-07-29,52.77,-1.62,14.31,3.48,0.17,78.93
2020-07-30,52.77,-1.62,17.59,3.33,0.41,77.0
2020-07-31,52.77,-1.62,20.51,4.98,1.0,78.67
2020-08-01,52.77,-1.62,16.01,4.3,1.52,84.51
2020-08-02,52.77,-1.62,14.42,4.23,0.35,81.41
2020-08-03,52.77,-1.62,13.35,3.53,0.34,79.22
2020-08-04,52.77,-1.62,14.12,6.35,0.36,83.22
2020-08-05,52.77,-1.62,17.96,7.73,1.94,85.34
2020-08-06,52.77,-1.62,18.5,3.4,0.54,87.78
2020-08-07,52.77,-1.62,20.24,3.03,0.04,81.84
2020-08-08,52.77,-1.62,19.01,4.58,0.09,83.7
2020-08-09,52.77,-1.62,18.37,4.54,0.28,85.73
2020-08-10,52.77,-1.62,18.73,4.39,0.87,87.57
2020-08-11,52.77,-1.62,21.39,2.64,1.3,81.69
2020-08-12,52.77,-1.62,21.74,3.03,3.97,81.93
2020-08-13,52.77,-1.62,19.15,4.4,1.17,84.73
2020-08-14,52.77,-1.62,17.49,3.99,0.17,83.39
2020-08-15,52.77,-1.62,16.76,4.86,2.06,83.63
2020-08-16,52.77,-1.62,17.71,4.36,10.7,90.1
2020-08-17,52.77,-1.62,16.92,2.69,4.74,86.61
2020-08-18,52.77,-1.62,17.48,4.46,3.35,85.98
2020-08-19,52.77,-1.62,17.23,5.62,9.79,93.23
2020-08-20,52.77,-1.62,17.42,7.33,0.97,75.4
2020-08-21,52.77,-1.62,16.71,10.73,2.94,83.09
2020-08-22,52.77,-1.62,15.78,8.24,3.59,83.13
2020-08-23,52.77,-1.62,15.32,5.53,2.51,85.07
2020-08-24,52.77,-1.62,15.02,3.33,0.93,83.06
2020-08-25,52.77,-1.62,15.97,11.05,22.52,86.47
2020-08-26,52.77,-1.62,15.06,7.04,1.03,83.3
2020-08-27,52.77,-1.62,13.3,2.61,7.1,88.68
2020-08-29,52.77,-1.62,11.18,7.01,1.26,82.12
2020-08-28,52.77,-1.62,12.06,5.45,7.54,88.71
2020-08-30,52.77,-1.62,10.85,3.68,0.01,77.34
2020-08-31,52.77,-1.62,12.0,1.68,0.0,76.98
2020-09-01,52.77,-1.62,13.16,2.03,0.0,73.68
2020-09-02,52.77,-1.62,13.56,5.63,4.53,84.84
2020-09-03,52.77,-1.62,16.15,6.21,2.14,83.86
2020-09-04,52.77,-1.62,12.2,4.7,0.15,87.11
2020-09-05,52.77,-1.62,11.51,5.12,0.31,86.11
2020-09-06,52.77,-1.62,12.78,3.02,1.19,87.82
2020-09-07,52.77,-1.62,13.47,4.75,2.4,93.16
2020-09-08,52.77,-1.62,17.99,4.97,0.35,88.63
2020-09-10,52.77,-1.62,11.34,2.48,0.01,80.96
2020-09-09,52.77,-1.62,14.54,5.27,0.26,82.1
2020-09-11,52.77,-1.62,12.58,5.94,0.38,83.19
2020-09-12,52.77,-1.62,13.4,5.36,0.32,81.78
2020-09-13,52.77,-1.62,15.68,5.34,0.08,87.19
2020-09-14,52.77,-1.62,15.5,2.77,0.07,80.12
2020-09-15,52.77,-1.62,17.25,1.55,0.01,78.0
2020-09-16,52.77,-1.62,15.17,4.22,0.15,86.86
2020-09-17,52.77,-1.62,12.53,4.17,0.01,82.04
2020-09-18,52.77,-1.62,11.84,5.96,0.03,83.11
2020-09-19,52.77,-1.62,12.68,6.89,0.13,84.56
2020-09-20,52.77,-1.62,12.58,4.73,0.18,87.07
2020-09-21,52.77,-1.62,13.86,2.12,0.09,86.84
2020-09-22,52.77,-1.62,14.85,4.1,0.32,87.77
2020-09-23,52.77,-1.62,11.82,3.88,5.82,91.89
2020-09-24,52.77,-1.62,8.91,4.38,6.11,86.45
2020-09-25,52.77,-1.62,8.96,8.44,0.82,81.44
2020-09-26,52.77,-1.62,7.66,7.16,0.13,80.34
2020-09-27,52.77,-1.62,7.95,5.19,0.01,81.14
2020-09-28,52.77,-1.62,9.91,2.56,1.34,92.21
2020-09-29,52.77,-1.62,11.3,2.6,0.4,83.61
2020-09-30,52.77,-1.62,10.22,5.67,8.73,96.52
2020-10-01,52.77,-1.62,9.31,3.35,0.35,82.81
2020-10-02,52.77,-1.62,10.29,7.69,4.5,90.4
2020-10-03,52.77,-1.62,11.5,6.82,33.82,95.72
2020-10-04,52.77,-1.62,10.18,4.62,9.3,91.14
2020-10-05,52.77,-1.62,11.07,5.72,3.39,92.85
2020-10-06,52.77,-1.62,10.38,5.67,5.41,92.72
2020-10-07,52.77,-1.62,10.36,5.62,6.44,86.36
2020-10-08,52.77,-1.62,10.26,4.65,9.54,91.75
2020-10-09,52.77,-1.62,7.76,5.55,1.83,88.15
2020-10-10,52.77,-1.62,8.88,6.59,2.47,90.75
2020-10-11,52.77,-1.62,7.95,3.81,0.14,90.04
2020-10-12,52.77,-1.62,7.55,4.49,4.37,95.65
2020-10-13,52.77,-1.62,8.18,4.75,1.77,94.18
2020-10-14,52.77,-1.62,8.99,5.01,0.91,92.09
2020-10-15,52.77,-1.62,7.32,4.2,0.4,90.13
2020-10-16,52.77,-1.62,8.0,3.54,0.23,89.24
2020-10-17,52.77,-1.62,7.79,2.38,0.41,93.46
2020-10-18,52.77,-1.62,7.49,1.95,0.37,92.19
2020-10-19,52.77,-1.62,8.24,5.6,0.24,90.11
2020-10-20,52.77,-1.62,12.56,7.4,2.4,89.69
2020-10-21,52.77,-1.62,11.83,3.88,3.98,97.11
2020-10-22,52.77,-1.62,7.86,5.03,0.55,90.56
2020-10-23,52.77,-1.62,6.28,4.16,1.07,94.09
2020-10-24,52.77,-1.62,8.69,7.22,10.22,96.41
2020-10-25,52.77,-1.62,7.65,6.3,1.68,94.6
2020-10-26,52.77,-1.62,7.71,6.6,1.81,93.07
2020-10-28,52.77,-1.62,6.95,6.61,1.7,93.78
2020-10-27,52.77,-1.62,7.19,6.54,4.35,95.15
2020-10-29,52.77,-1.62,9.28,7.39,7.41,95.75
2020-10-30,52.77,-1.62,11.84,5.33,1.58,94.8
2020-10-31,52.77,-1.62,10.82,9.35,5.61,90.95
2020-11-01,52.77,-1.62,11.94,10.84,9.81,89.45
2020-11-02,52.77,-1.62,10.35,10.14,3.85,85.6
2020-11-03,52.77,-1.62,5.0,4.27,2.37,93.26
2020-11-04,52.77,-1.62,4.76,3.24,0.21,95.26
2020-11-05,52.77,-1.62,6.58,2.28,0.14,95.02
2020-11-06,52.77,-1.62,6.08,3.12,0.11,94.56
2020-11-07,52.77,-1.62,6.64,3.47,0.16,95.71
2020-11-08,52.77,-1.62,8.54,3.0,3.06,98.08
2020-11-09,52.77,-1.62,10.59,3.39,1.32,97.35
2020-11-10,52.77,-1.62,9.27,3.53,0.5,96.71
2020-11-11,52.77,-1.62,9.57,7.59,5.85,95.96
2020-11-12,52.77,-1.62,8.25,6.41,0.58,91.64
2020-11-13,52.77,-1.62,7.98,6.54,3.46,91.89
2020-11-14,52.77,-1.62,10.03,8.2,6.38,95.26
2020-11-15,52.77,-1.62,8.21,8.94,4.79,90.96
2020-11-16,52.77,-1.62,8.82,7.65,1.68,92.15
2020-11-17,52.77,-1.62,11.62,7.71,0.76,94.93
2020-11-18,52.77,-1.62,9.56,9.16,1.86,90.26
2020-11-19,52.77,-1.62,5.35,5.96,1.56,87.71
2020-11-20,52.77,-1.62,6.33,5.79,3.96,96.33
2020-11-21,52.77,-1.62,9.52,6.97,1.58,93.35
2020-11-22,52.77,-1.62,5.39,3.75,0.37,92.88
2020-11-23,52.77,-1.62,5.02,5.42,0.21,97.17
2020-11-24,52.77,-1.62,8.62,7.3,0.57,95.92
2020-11-25,52.77,-1.62,6.23,3.62,3.85,95.68
2020-11-26,52.77,-1.62,4.66,1.62,0.43,95.51
2020-11-27,52.77,-1.62,3.05,2.03,0.17,93.38
2020-11-28,52.77,-1.62,5.32,3.62,1.85,98.65
2020-11-29,52.77,-1.62,5.5,1.45,0.47,98.2
2020-11-30,52.77,-1.62,6.88,6.15,1.5,96.1
2020-12-01,52.77,-1.62,2.66,3.26,0.05,95.62
2020-12-02,52.77,-1.62,4.76,3.8,0.6,96.26
2020-12-03,52.77,-1.62,2.18,4.12,9.55,97.27
2020-12-04,52.77,-1.62,1.99,4.71,8.86,97.27
2020-12-05,52.77,-1.62,2.08,4.32,1.55,97.82
2020-12-06,52.77,-1.62,2.23,1.82,2.15,98.04
2020-12-07,52.77,-1.62,0.92,1.81,0.46,96.44
2020-12-08,52.77,-1.62,2.98,4.32,6.66,98.2
2020-12-09,52.77,-1.62,3.87,4.25,1.51,96.78
2020-12-10,52.77,-1.62,3.61,6.02,4.45,97.53
2020-12-11,52.77,-1.62,6.15,3.02,3.85,98.66
2020-12-12,52.77,-1.62,5.61,4.65,2.6,97.09
2020-12-13,52.77,-1.62,5.8,7.27,13.24,97.28
2020-12-14,52.77,-1.62,7.97,7.94,1.86,94.89
2020-12-16,52.77,-1.62,6.77,7.33,5.85,97.2
2020-12-15,52.77,-1.62,5.95,5.55,0.38,97.71
2020-12-17,52.77,-1.62,6.24,6.44,3.06,97.69
2020-12-18,52.77,-1.62,10.45,10.23,7.81,95.43
2020-12-19,52.77,-1.62,7.94,8.06,4.02,94.89
2020-12-20,52.77,-1.62,5.41,6.1,1.04,97.26
2020-12-21,52.77,-1.62,7.18,5.19,6.99,97.4
2020-12-22,52.77,-1.62,4.47,2.79,3.8,96.68
2020-12-23,52.77,-1.62,4.76,6.91,11.6,97.03
2020-12-24,52.77,-1.62,0.99,6.41,0.18,95.03
2020-12-25,52.77,-1.62,0.24,4.08,0.44,95.92
2020-12-26,52.77,-1.62,6.29,8.85,8.08,94.95
2020-12-27,52.77,-1.62,3.55,6.63,7.08,94.4
2020-12-28,52.77,-1.62,0.54,3.55,1.07,97.35
2020-12-29,52.77,-1.62,0.91,4.38,2.23,97.87
2020-12-30,52.77,-1.62,1.25,3.2,0.59,97.38
2020-12-31,52.77,-1.62,-0.09,2.52,0.47,98.43
2021-01-01,52.77,-1.62,1.17,4.14,0.7,97.9
2021-01-02,52.77,-1.62,-0.2,3.8,1.35,97.62
2021-01-03,52.77,-1.62,1.82,5.18,1.35,97.28
2021-01-04,52.77,-1.62,0.92,6.1,0.55,95.96
2021-01-05,52.77,-1.62,0.25,5.15,0.28,96.62
2021-01-06,52.77,-1.62,-0.59,3.37,0.21,98.31
2021-01-07,52.77,-1.62,-0.71,2.55,0.49,98.52
2021-01-08,52.77,-1.62,0.01,3.19,2.61,98.32
2021-01-09,52.77,-1.62,-0.87,2.32,0.04,97.36
2021-01-10,52.77,-1.62,1.33,4.16,0.46,98.79
2021-01-11,52.77,-1.62,5.4,7.84,5.1,96.45
2021-01-12,52.77,-1.62,2.43,3.5,2.66,93.45
2021-01-13,52.77,-1.62,1.88,1.58,10.39,98.68
2021-01-14,52.77,-1.62,1.09,3.75,20.25,98.38
2021-01-15,52.77,-1.62,-1.68,2.79,0.42,98.34
2021-01-16,52.77,-1.62,2.52,6.87,11.45,95.84
2021-01-17,52.77,-1.62,3.13,5.44,0.41,95.64
2021-01-18,52.77,-1.62,3.66,5.59,5.96,97.09
2021-01-19,52.77,-1.62,8.31,8.18,16.03,95.96
2021-01-20,52.77,-1.62,8.93,9.84,26.99,94.94
2021-01-21,52.77,-1.62,2.71,8.44,0.82,93.13
2021-01-22,52.77,-1.62,1.69,4.58,0.27,94.39
2021-01-23,52.77,-1.62,-0.24,3.55,1.81,97.16
2021-01-24,52.77,-1.62,-1.25,3.74,2.69,96.01
2021-01-25,52.77,-1.62,-0.31,4.95,0.58,95.55
2021-01-26,52.77,-1.62,0.86,4.43,3.7,97.71
2021-01-27,52.77,-1.62,4.51,2.93,6.63,98.98
2021-01-28,52.77,-1.62,6.62,4.52,21.91,96.87
2021-01-29,52.77,-1.62,6.08,5.42,0.86,96.36
2021-01-30,52.77,-1.62,0.96,8.46,4.4,92.41
2021-01-31,52.77,-1.62,-0.9,4.8,0.01,93.11
2021-02-01,52.77,-1.62,0.13,3.16,0.46,90.8
2021-02-02,52.77,-1.62,3.46,4.77,14.99,98.54
2021-02-03,52.77,-1.62,4.88,3.81,0.98,95.53
2021-02-04,52.77,-1.62,4.44,3.9,3.88,98.27
2021-02-05,52.77,-1.62,4.64,3.08,3.46,98.42
2021-02-06,52.77,-1.62,3.5,3.89,11.94,94.01
2021-02-07,52.77,-1.62,0.03,8.91,0.48,86.96
2021-02-08,52.77,-1.62,-1.02,7.75,1.07,90.58
2021-02-09,52.77,-1.62,-1.44,6.1,0.42,90.23
2021-02-10,52.77,-1.62,-2.05,4.58,0.14,89.32
2021-02-11,52.77,-1.62,-2.45,5.45,0.01,88.86
2021-02-12,52.77,-1.62,-2.86,7.13,0.05,86.67
2021-02-13,52.77,-1.62,-3.71,8.47,0.04,84.27
2021-02-14,52.77,-1.62,0.46,10.13,7.91,90.5
2021-02-15,52.77,-1.62,3.46,4.84,1.52,99.34
2021-02-16,52.77,-1.62,6.84,6.37,2.66,96.97
2021-02-17,52.77,-1.62,6.99,7.16,3.72,94.91
2021-02-18,52.77,-1.62,5.81,8.8,3.72,91.56
2021-02-19,52.77,-1.62,6.43,10.1,3.14,95.42
2021-02-20,52.77,-1.62,9.74,10.21,4.86,92.75
2021-02-21,52.77,-1.62,7.87,3.82,1.78,96.24
2021-02-22,52.77,-1.62,6.56,2.51,4.01,92.1
2021-02-23,52.77,-1.62,7.79,10.58,1.03,91.31
2021-02-24,52.77,-1.62,11.25,9.78,2.69,91.99
2021-02-25,52.77,-1.62,6.01,4.4,0.18,91.09
2021-02-26,52.77,-1.62,4.18,3.07,0.02,90.22
2021-02-27,52.77,-1.62,4.59,2.19,0.03,89.22
2021-02-28,52.77,-1.62,3.93,1.89,0.08,92.15
2021-03-01,52.77,-1.62,3.29,3.93,0.38,95.5
2021-03-03,52.77,-1.62,3.35,1.82,0.95,95.32
2021-03-02,52.77,-1.62,2.21,2.83,0.19,95.37
2021-03-04,52.77,-1.62,2.85,3.75,1.07,91.95
2021-03-05,52.77,-1.62,1.53,3.21,0.07,87.1
2021-03-06,52.77,-1.62,1.69,0.74,0.07,77.96
2021-03-07,52.77,-1.62,1.63,2.42,0.01,84.87
2021-03-08,52.77,-1.62,3.17,3.99,0.57,94.2
2021-03-09,52.77,-1.62,4.53,4.65,0.53,92.22
2021-03-10,52.77,-1.62,6.82,10.82,17.45,94.82
2021-03-11,52.77,-1.62,6.11,11.07,3.45,86.72
2021-03-12,52.77,-1.62,4.59,8.41,7.32,89.87
2021-03-13,52.77,-1.62,4.55,9.78,3.48,88.68
2021-03-14,52.77,-1.62,5.9,8.19,2.08,91.99
2021-03-15,52.77,-1.62,6.95,5.48,0.72,90.6
2021-03-16,52.77,-1.62,8.15,5.49,1.16,93.69
2021-03-17,52.77,-1.62,5.88,3.95,0.05,88.88
2021-03-18,52.77,-1.62,6.75,4.49,0.25,94.49
2021-03-19,52.77,-1.62,7.09,4.45,0.52,93.4
2021-03-20,52.77,-1.62,7.26,4.04,0.31,94.26
2021-03-21,52.77,-1.62,7.13,2.87,0.12,88.54
2021-03-22,52.77,-1.62,6.08,2.87,0.23,89.91
2021-03-23,52.77,-1.62,6.98,5.68,0.15,86.38
2021-03-24,52.77,-1.62,7.62,5.04,0.36,85.96
2021-03-25,52.77,-1.62,7.34,5.73,0.28,87.78
2021-03-26,52.77,-1.62,6.32,7.92,3.42,87.19
2021-03-27,52.77,-1.62,5.33,7.78,1.03,83.08
2021-03-28,52.77,-1.62,9.5,10.83,1.99,91.44
2021-03-29,52.77,-1.62,11.21,8.09,0.23,90.21
2021-03-30,52.77,-1.62,10.52,3.24,0.02,83.48
2021-03-31,52.77,-1.62,12.24,2.99,0.01,81.13
2021-04-01,52.77,-1.62,6.13,6.21,0.11,89.11
2021-04-02,52.77,-1.62,5.27,4.4,0.05,82.24
2021-04-03,52.77,-1.62,5.1,3.49,0.0,82.99
2021-04-04,52.77,-1.62,6.33,5.33,0.13,87.11
2021-04-05,52.77,-1.62,2.55,7.48,0.1,73.75
2021-04-06,52.77,-1.62,0.6,5.94,0.55,82.17
2021-04-07,52.77,-1.62,1.06,4.47,0.12,80.14
2021-04-08,52.77,-1.62,5.3,6.45,0.63,87.64
2021-04-09,52.77,-1.62,4.97,3.73,1.05,84.6
2021-04-10,52.77,-1.62,2.43,2.79,1.05,86.49
2021-04-11,52.77,-1.62,1.92,3.65,0.37,81.65
2021-04-12,52.77,-1.62,2.74,2.41,0.17,74.96
2021-04-13,52.77,-1.62,4.73,1.45,0.18,73.27
2021-04-14,52.77,-1.62,4.85,2.61,0.41,83.66
2021-04-15,52.77,-1.62,4.15,2.22,0.0,78.44
2021-04-16,52.77,-1.62,5.09,1.76,0.1,79.84
2021-04-17,52.77,-1.62,5.7,1.91,0.0,79.17
2021-04-18,52.77,-1.62,6.9,1.63,0.0,75.18
2021-04-19,52.77,-1.62,7.58,2.35,0.0,77.45
2021-04-20,52.77,-1.62,9.43,1.86,0.34,83.5
2021-04-21,52.77,-1.62,7.38,4.53,0.95,83.34
2021-04-22,52.77,-1.62,5.82,2.45,0.0,74.77
2021-04-23,52.77,-1.62,7.56,3.5,0.0,74.5
2021-04-24,52.77,-1.62,8.01,3.68,0.0,75.3
2021-04-25,52.77,-1.62,6.79,4.41,0.01,81.12
2021-04-26,52.77,-1.62,6.09,2.34,0.0,77.41
2021-04-27,52.77,-1.62,7.52,3.06,4.31,85.01
2021-04-28,52.77,-1.62,5.84,6.31,3.07,82.24
2021-04-29,52.77,-1.62,5.04,3.4,1.13,81.84
2021-04-30,52.77,-1.62,5.18,2.0,1.04,80.64
2021-05-01,52.77,-1.62,5.98,2.32,0.55,80.11
2021-05-02,52.77,-1.62,7.29,2.54,0.22,77.05
2021-05-03,52.77,-1.62,6.96,8.57,17.69,92.15
2021-05-04,52.77,-1.62,6.31,9.21,4.86,85.53
2021-05-05,52.77,-1.62,5.01,4.34,1.71,82.02
2021-05-06,52.77,-1.62,4.91,4.65,1.55,82.7
2021-05-07,52.77,-1.62,6.99,3.52,0.34,75.23
2021-05-08,52.77,-1.62,9.42,7.08,30.49,94.49
2021-05-09,52.77,-1.62,12.51,6.44,2.17,85.22
2021-05-10,52.77,-1.62,10.59,7.22,2.09,83.72
2021-05-11,52.77,-1.62,9.27,4.11,3.62,85.8
2021-05-12,52.77,-1.62,9.68,3.02,2.27,80.94
2021-05-13,52.77,-1.62,9.88,3.24,4.42,87.25
2021-05-14,52.77,-1.62,9.73,1.94,0.64,80.76
2021-05-15,52.77,-1.62,9.25,3.24,5.69,90.03
2021-05-16,52.77,-1.62,9.64,2.69,4.31,88.91
2021-05-17,52.77,-1.62,9.38,3.83,2.62,86.31
2021-05-18,52.77,-1.62,9.52,3.0,3.58,84.58
2021-05-19,52.77,-1.62,9.33,3.71,1.86,82.39
2021-05-20,52.77,-1.62,8.94,8.68,10.37,90.64
2021-05-21,52.77,-1.62,9.97,8.85,12.13,90.8
2021-05-22,52.77,-1.62,7.99,5.05,1.09,81.73
2021-05-23,52.77,-1.62,7.77,6.78,6.42,89.07
2021-05-24,52.77,-1.62,8.13,3.55,3.15,86.77
2021-05-25,52.77,-1.62,9.74,6.72,1.28,81.3
2021-05-26,52.77,-1.62,9.22,3.96,1.94,88.49
2021-05-27,52.77,-1.62,12.22,2.04,0.17,81.21
2021-05-28,52.77,-1.62,13.35,1.06,0.38,77.09
2021-05-29,52.77,-1.62,14.49,2.42,0.72,78.42
2021-05-30,52.77,-1.62,12.41,3.65,0.01,78.44
2021-06-01,52.77,-1.62,15.33,4.32,0.03,78.1
2021-06-02,52.77,-1.62,15.97,5.27,0.57,81.73
2021-05-31,52.77,-1.62,13.35,3.92,0.01,81.7
2021-06-03,52.77,-1.62,16.04,3.3,1.02,83.66
2021-06-04,52.77,-1.62,13.78,1.51,0.01,71.01
2021-06-05,52.77,-1.62,15.32,2.28,0.13,76.67
2021-06-06,52.77,-1.62,15.27,1.37,1.83,83.91
2021-06-07,52.77,-1.62,15.29,2.93,0.58,82.97
2021-06-08,52.77,-1.62,14.75,2.63,0.0,75.16
2021-06-09,52.77,-1.62,16.5,3.89,0.19,81.73
2021-06-10,52.77,-1.62,17.79,5.05,0.63,85.38
2021-06-11,52.77,-1.62,16.0,5.39,0.44,85.43
2021-06-12,52.77,-1.62,14.07,3.94,0.02,80.3
2021-06-13,52.77,-1.62,17.91,2.42,0.02,80.91
2021-06-14,52.77,-1.62,14.59,4.34,0.19,84.17
2021-06-15,52.77,-1.62,14.54,2.45,0.0,76.98
2021-06-16,52.77,-1.62,17.25,3.56,0.15,78.45
2021-06-17,52.77,-1.62,14.67,3.81,3.08,86.15
2021-06-18,52.77,-1.62,12.53,4.62,7.18,89.98
2021-06-19,52.77,-1.62,13.3,3.29,1.35,85.06
2021-06-20,52.77,-1.62,12.44,3.79,2.08,84.77
2021-06-21,52.77,-1.62,11.87,4.77,0.85,82.17
2021-06-22,52.77,-1.62,12.32,3.68,0.01,75.22
2021-06-23,52.77,-1.62,12.79,2.86,0.47,80.98
2021-06-24,52.77,-1.62,15.31,3.07,2.56,87.21
2021-06-25,52.77,-1.62,13.14,4.48,6.47,88.75
2021-06-26,52.77,-1.62,14.16,4.24,0.81,83.78
2021-06-27,52.77,-1.62,14.95,5.34,0.3,84.79
2021-06-28,52.77,-1.62,13.65,3.65,8.35,90.64
2021-06-29,52.77,-1.62,14.87,3.01,0.35,83.04
2021-06-30,52.77,-1.62,14.91,2.71,0.09,83.08
2021-07-01,52.77,-1.62,14.89,1.72,0.01,74.84
2021-07-02,52.77,-1.62,16.28,1.77,0.25,79.72
2021-07-04,52.77,-1.62,15.46,3.28,9.63,90.42
2021-07-03,52.77,-1.62,16.71,3.03,6.17,87.85
2021-07-05,52.77,-1.62,14.69,4.26,5.54,82.2
2021-07-06,52.77,-1.62,14.51,6.08,12.27,83.97
2021-07-07,52.77,-1.62,15.93,3.6,5.01,86.14
2021-07-08,52.77,-1.62,16.39,2.47,0.74,82.59
2021-07-09,52.77,-1.62,17.05,1.56,1.26,80.43
2021-07-10,52.77,-1.62,16.74,1.91,1.35,81.01
2021-07-11,52.77,-1.62,16.08,3.12,1.7,85.78
2021-07-12,52.77,-1.62,15.73,1.85,5.9,87.16
2021-07-13,52.77,-1.62,16.99,3.94,0.51,84.27
2021-07-14,52.77,-1.62,16.71,5.22,0.09,83.17
2021-07-15,52.77,-1.62,17.48,4.05,0.05,81.13
2021-07-16,52.77,-1.62,18.86,2.92,0.03,81.66
2021-07-17,52.77,-1.62,20.88,2.07,0.02,80.11
2021-07-18,52.77,-1.62,21.09,2.41,0.01,78.63
2021-07-19,52.77,-1.62,21.07,1.92,0.14,78.67
2021-07-20,52.77,-1.62,21.21,1.98,0.55,79.37
2021-07-21,52.77,-1.62,20.49,2.45,0.09,81.54
2021-07-22,52.77,-1.62,21.38,1.93,0.4,77.29
2021-07-23,52.77,-1.62,18.32,4.23,0.1,83.39
2021-07-24,52.77,-1.62,15.87,4.8,0.11,82.54
2021-07-25,52.77,-1.62,16.94,2.62,0.08,82.69
2021-07-26,52.77,-1.62,18.44,2.0,0.13,80.12
2021-07-27,52.77,-1.62,16.38,2.17,3.85,87.24
2021-07-28,52.77,-1.62,14.67,5.48,4.4,84.7
2021-07-29,52.77,-1.62,14.58,6.06,0.51,79.56
2021-07-30,52.77,-1.62,14.39,5.07,11.44,88.74
2021-07-31,52.77,-1.62,15.49,4.47,2.49,86.17
2021-08-01,52.77,-1.62,14.87,2.64,1.03,83.24
2021-08-02,52.77,-1.62,13.97,1.88,0.74,81.91
2021-08-03,52.77,-1.62,15.03,1.5,0.29,76.43
2021-08-04,52.77,-1.62,16.31,2.35,0.65,78.04
2021-08-05,52.77,-1.62,15.57,5.94,5.2,85.65
2021-08-06,52.77,-1.62,15.92,6.53,4.16,84.17
2021-08-07,52.77,-1.62,14.56,6.31,6.09,89.07
2021-08-08,52.77,-1.62,15.27,7.01,7.34,85.36
2021-08-09,52.77,-1.62,14.84,4.35,1.04,83.25
2021-08-10,52.77,-1.62,15.94,3.64,0.55,83.76
2021-08-11,52.77,-1.62,16.43,4.73,1.07,86.12
2021-08-12,52.77,-1.62,15.16,4.69,0.16,80.45
2021-08-13,52.77,-1.62,15.45,6.14,0.11,81.62
2021-08-14,52.77,-1.62,16.18,3.41,0.88,86.77
2021-08-15,52.77,-1.62,15.83,4.6,1.11,85.68
2021-08-16,52.77,-1.62,13.54,6.4,1.14,85.55
2021-08-17,52.77,-1.62,14.69,6.43,2.91,88.95
2021-08-18,52.77,-1.62,14.94,4.92,0.79,89.21
2021-08-19,52.77,-1.62,15.37,3.11,2.08,88.79
2021-08-20,52.77,-1.62,16.72,2.68,1.59,86.63
2021-08-21,52.77,-1.62,15.85,2.82,4.91,92.63
2021-08-22,52.77,-1.62,16.66,3.71,3.09,88.02
2021-08-23,52.77,-1.62,16.11,3.25,0.19,83.87
2021-08-24,52.77,-1.62,15.55,3.29,0.19,86.06
2021-08-25,52.77,-1.62,15.5,2.88,0.13,86.65
2021-08-26,52.77,-1.62,14.75,4.31,0.1,82.95
2021-08-27,52.77,-1.62,13.74,3.55,0.18,82.24
2021-08-28,52.77,-1.62,14.33,2.68,0.05,81.72
2021-08-29,52.77,-1.62,13.57,3.96,0.08,83.12
2021-08-30,52.77,-1.62,13.59,4.46,0.11,83.47
2021-08-31,52.77,-1.62,12.99,4.39,0.57,88.18
2021-09-01,52.77,-1.62,13.42,4.36,0.37,87.28
2021-09-02,52.77,-1.62,13.85,4.2,0.18,83.48
2021-09-03,52.77,-1.62,14.49,4.19,0.27,85.23
2021-09-04,52.77,-1.62,14.32,3.41,0.35,85.94
2021-09-05,52.77,-1.62,16.6,2.89,0.08,84.66
2021-09-06,52.77,-1.62,18.57,1.67,0.13,84.85
2021-09-07,52.77,-1.62,19.21,2.38,0.02,79.05
2021-09-08,52.77,-1.62,18.79,3.61,0.24,80.54
2021-09-09,52.77,-1.62,18.19,2.34,4.09,88.78
2021-09-10,52.77,-1.62,17.66,2.97,2.81,89.45
2021-09-11,52.77,-1.62,15.87,4.01,0.4,88.37
2021-09-12,52.77,-1.62,14.07,1.9,1.39,86.55
2021-09-13,52.77,-1.62,14.28,4.17,1.05,85.21
2021-09-14,52.77,-1.62,13.79,3.62,5.94,93.17
2021-09-15,52.77,-1.62,14.28,2.38,0.38,86.32
2021-09-16,52.77,-1.62,15.23,2.49,0.04,84.81
2021-09-17,52.77,-1.62,14.31,3.62,0.03,87.05
2021-09-18,52.77,-1.62,15.23,2.43,0.29,84.89
2021-09-19,52.77,-1.62,14.16,2.97,1.08,88.23
2021-09-20,52.77,-1.62,12.72,3.46,0.08,84.84
2021-09-21,52.77,-1.62,13.59,2.7,0.1,87.28
2021-09-22,52.77,-1.62,13.18,4.05,0.11,87.71
2021-09-23,52.77,-1.62,14.01,5.14,0.18,86.92
2021-09-24,52.77,-1.62,15.31,4.85,0.4,90.65
2021-09-25,52.77,-1.62,16.6,2.49,0.28,89.84
2021-09-26,52.77,-1.62,15.39,4.89,0.27,86.32
2021-09-27,52.77,-1.62,12.8,7.58,12.27,83.79
2021-09-28,52.77,-1.62,11.22,5.7,17.74,92.49
2021-09-29,52.77,-1.62,9.42,6.29,0.87,83.27
2021-09-30,52.77,-1.62,11.66,7.55,8.18,94.2
2021-10-01,52.77,-1.62,11.87,6.75,4.9,83.14
2021-10-02,52.77,-1.62,9.63,5.82,11.2,95.14
2021-10-03,52.77,-1.62,9.88,6.69,1.65,89.05
2021-10-04,52.77,-1.62,10.38,5.84,11.36,91.28
2021-10-05,52.77,-1.62,10.72,8.65,6.93,88.64
2021-10-06,52.77,-1.62,11.11,5.25,0.14,83.43
2021-10-07,52.77,-1.62,14.32,4.3,0.18,92.83
2021-10-08,52.77,-1.62,13.16,2.66,0.03,92.1
2021-10-09,52.77,-1.62,12.61,1.95,0.28,92.13
2021-10-10,52.77,-1.62,11.4,4.01,0.13,88.47
2021-10-11,52.77,-1.62,9.96,3.9,0.04,89.67
2021-10-12,52.77,-1.62,11.35,3.93,0.68,93.88
2021-10-13,52.77,-1.62,11.49,3.35,0.45,92.92
2021-10-14,52.77,-1.62,11.89,5.38,0.35,87.62
2021-10-15,52.77,-1.62,8.46,2.89,0.72,82.73
2021-10-16,52.77,-1.62,8.2,2.94,0.17,93.15
2021-10-17,52.77,-1.62,11.84,4.56,1.12,92.62
2021-10-18,52.77,-1.62,12.28,4.87,2.58,97.02
2021-10-19,52.77,-1.62,15.5,6.64,9.88,94.82
2021-10-20,52.77,-1.62,11.46,4.72,4.32,93.2
2021-10-21,52.77,-1.62,7.18,6.33,1.1,80.6
2021-10-22,52.77,-1.62,8.17,5.94,0.85,89.12
2021-10-23,52.77,-1.62,8.29,5.64,0.08,88.32
2021-10-24,52.77,-1.62,10.15,6.82,2.33,92.2
2021-10-25,52.77,-1.62,9.1,4.73,0.48,92.87
2021-10-26,52.77,-1.62,11.1,6.91,0.52,93.92
2021-10-27,52.77,-1.62,13.66,9.41,0.53,91.0
2021-10-28,52.77,-1.62,13.08,9.1,7.43,92.16
2021-10-29,52.77,-1.62,11.0,8.13,7.81,89.65
2021-10-30,52.77,-1.62,8.69,5.53,7.79,91.93
2021-10-31,52.77,-1.62,9.23,9.71,15.28,89.51
2021-11-01,52.77,-1.62,7.49,8.11,5.77,91.92
2021-11-02,52.77,-1.62,6.3,2.86,0.41,93.05
2021-11-03,52.77,-1.62,6.29,4.14,1.22,93.96
2021-11-04,52.77,-1.62,3.77,4.89,0.14,91.75
2021-11-05,52.77,-1.62,5.49,3.66,0.29,97.42
2021-11-06,52.77,-1.62,9.29,7.26,1.4,93.59
2021-11-07,52.77,-1.62,8.0,7.08,0.18,83.33
2021-11-08,52.77,-1.62,7.92,3.95,0.83,95.59
2021-11-09,52.77,-1.62,10.27,5.64,0.41,95.68
2021-11-10,52.77,-1.62,9.44,1.67,1.51,96.14
2021-11-11,52.77,-1.62,9.42,3.4,0.69,96.46
2021-11-12,52.77,-1.62,10.16,7.85,3.06,94.45
2021-11-13,52.77,-1.62,8.9,4.71,0.2,93.96
2021-11-14,52.77,-1.62,7.07,2.43,0.19,96.78
2021-11-15,52.77,-1.62,6.85,1.98,0.36,97.72
2021-11-16,52.77,-1.62,8.21,3.53,0.51,97.78
2021-11-17,52.77,-1.62,7.15,4.81,0.09,92.61
2021-11-18,52.77,-1.62,9.33,5.35,0.24,96.42
2021-11-19,52.77,-1.62,9.29,3.69,0.16,97.41
2021-11-20,52.77,-1.62,7.54,4.65,0.22,94.13
2021-11-21,52.77,-1.62,3.34,5.28,0.05,92.95
2021-11-22,52.77,-1.62,3.0,3.42,0.04,94.29
2021-11-23,52.77,-1.62,4.43,2.62,0.23,97.39
2021-11-24,52.77,-1.62,5.07,2.88,0.57,96.85
2021-11-25,52.77,-1.62,2.31,4.34,0.4,94.26
2021-11-26,52.77,-1.62,4.3,9.19,7.64,91.39
2021-11-27,52.77,-1.62,1.94,12.73,3.65,83.33
2021-11-28,52.77,-1.62,-0.92,4.09,1.56,94.34
2021-11-29,52.77,-1.62,1.12,4.32,0.94,97.36
2021-11-30,52.77,-1.62,8.81,7.39,3.66,96.18
2021-12-01,52.77,-1.62,4.84,8.11,4.32,93.97
2021-12-02,52.77,-1.62,0.43,4.54,1.03,92.04
2021-12-03,52.77,-1.62,3.68,4.04,3.27,97.89
2021-12-04,52.77,-1.62,4.03,8.59,6.85,93.92
2021-12-05,52.77,-1.62,3.7,6.63,3.11,94.31
2021-12-06,52.77,-1.62,2.35,5.2,5.65,96.06
2021-12-07,52.77,-1.62,2.69,8.97,9.93,95.49
2021-12-08,52.77,-1.62,4.21,10.14,4.28,91.22
2021-12-09,52.77,-1.62,4.82,5.78,7.22,95.55
2021-12-10,52.77,-1.62,3.67,6.67,0.2,93.4
2021-12-11,52.77,-1.62,4.41,4.39,4.64,97.98
2021-12-12,52.77,-1.62,9.61,5.74,0.81,96.71
2021-12-13,52.77,-1.62,9.06,3.91,6.56,97.1
2021-12-14,52.77,-1.62,9.18,4.19,0.78,96.78
2021-12-15,52.77,-1.62,8.22,4.56,0.1,95.65
2021-12-16,52.77,-1.62,6.9,2.07,0.24,98.6
2021-12-17,52.77,-1.62,5.79,2.24,0.36,97.37
2021-12-18,52.77,-1.62,5.36,2.62,0.58,97.79
2021-12-19,52.77,-1.62,3.87,1.58,0.54,97.35
2021-12-20,52.77,-1.62,3.02,2.51,0.34,93.76
2021-12-21,52.77,-1.62,0.26,2.42,0.04,92.36
2021-12-22,52.77,-1.62,0.01,4.59,2.67,97.65
2021-12-23,52.77,-1.62,5.34,4.78,1.57,98.42
2021-12-24,52.77,-1.62,6.2,4.16,7.08,97.45
2021-12-25,52.77,-1.62,2.52,8.1,5.09,91.97
2021-12-26,52.77,-1.62,2.38,4.07,6.85,98.11
2021-12-27,52.77,-1.62,5.78,4.02,1.87,98.87
2021-12-28,52.77,-1.62,6.43,3.71,5.14,98.31
2021-12-29,52.77,-1.62,7.83,6.38,3.6,96.88
2021-12-30,52.77,-1.62,11.73,8.02,2.8,95.47
2021-12-31,52.77,-1.62,11.42,7.54,1.04,94.25
2022-01-01,52.77,-1.62,10.54,7.57,0.82,94.01
2022-01-02,52.77,-1.62,8.34,6.8,4.4,94.7
2022-01-03,52.77,-1.62,6.77,7.19,0.61,93.38
2022-01-05,52.77,-1.62,0.9,5.03,0.07,94.27
2022-01-04,52.77,-1.62,1.97,5.56,0.91,91.22
2022-01-07,52.77,-1.62,1.32,5.91,1.02,95.42
2022-01-08,52.77,-1.62,3.92,6.48,6.15,96.34
2022-01-06,52.77,-1.62,0.57,6.16,2.3,97.34
2022-01-09,52.77,-1.62,3.27,4.98,0.35,95.99
2022-01-11,52.77,-1.62,4.93,2.44,2.5,98.57
2022-01-10,52.77,-1.62,4.7,4.26,0.67,98.1
2022-01-12,52.77,-1.62,3.27,3.22,0.32,98.39
2022-01-13,52.77,-1.62,3.46,3.12,0.57,98.09
2022-01-14,52.77,-1.62,2.11,1.64,0.22,97.11
2022-01-15,52.77,-1.62,1.05,2.95,0.26,97.56
2022-01-17,52.77,-1.62,2.18,3.07,0.04,98.26
2022-01-16,52.77,-1.62,2.65,4.05,0.26,98.72
2022-01-18,52.77,-1.62,1.72,3.44,0.34,96.6
2022-01-19,52.77,-1.62,4.13,5.99,0.4,95.52
2022-01-20,52.77,-1.62,-0.2,3.57,0.02,93.42
2022-01-21,52.77,-1.62,1.94,4.14,0.06,97.73
2022-01-23,52.77,-1.62,2.16,2.49,0.28,96.29
2022-01-22,52.77,-1.62,3.41,3.25,0.23,97.67
2022-01-24,52.77,-1.62,0.69,1.47,0.2,95.6
2022-01-25,52.77,-1.62,-0.15,2.12,0.2,96.08
2022-01-27,52.77,-1.62,6.73,6.29,0.55,94.33
2022-01-26,52.77,-1.62,3.22,5.07,0.08,95.25
2022-01-29,52.77,-1.62,7.73,9.34,0.34,88.54
2022-01-28,52.77,-1.62,5.4,5.05,0.28,97.06
2022-01-30,52.77,-1.62,3.39,5.65,1.43,90.81
2022-01-31,52.77,-1.62,4.41,9.04,0.42,84.07
2022-02-01,52.77,-1.62,8.42,9.81,0.75,92.57
2022-02-02,52.77,-1.62,8.19,5.88,0.26,93.59
2022-02-03,52.77,-1.62,7.1,6.2,0.75,94.13
2022-02-05,52.77,-1.62,4.91,9.58,4.81,92.74
2022-02-06,52.77,-1.62,6.12,10.52,5.48,86.82
2022-02-04,52.77,-1.62,3.75,6.9,6.53,90.91
2022-02-09,52.77,-1.62,6.82,4.9,1.59,89.56
2022-02-10,52.77,-1.62,3.61,6.16,0.1,87.08
2022-02-11,52.77,-1.62,2.78,3.74,0.13,91.36
2022-02-08,52.77,-1.62,9.03,7.8,1.15,94.38
2022-02-13,52.77,-1.62,7.44,8.32,11.27,95.97
2022-02-12,52.77,-1.62,4.51,9.18,2.69,91.74
2022-02-15,52.77,-1.62,4.41,6.08,4.69,93.68
2022-02-16,52.77,-1.62,10.39,12.41,4.01,87.78
2022-02-17,52.77,-1.62,5.85,8.25,1.77,85.15
2022-02-18,52.77,-1.62,5.12,11.68,9.04,87.52
2022-02-19,52.77,-1.62,2.44,6.72,8.88,94.34
2022-02-20,52.77,-1.62,7.37,12.18,14.55,90.16
2022-02-21,52.77,-1.62,5.54,11.75,1.56,86.61
2022-02-22,52.77,-1.62,6.52,7.94,1.19,89.9
2022-02-23,52.77,-1.62,5.63,8.2,1.76,92.58
2022-02-24,52.77,-1.62,3.42,7.73,2.77,87.08
2022-02-25,52.77,-1.62,4.4,5.91,0.16,88.03
2022-02-26,52.77,-1.62,3.94,6.28,0.01,88.1
2022-02-27,52.77,-1.62,3.45,6.89,0.05,84.53
2022-02-28,52.77,-1.62,6.56,5.57,9.83,96.02
2022-03-01,52.77,-1.62,4.89,5.16,0.16,87.29
2022-02-14,52.77,-1.62,4.96,6.83,2.48,93.84
2022-02-07,52.77,-1.62,4.89,5.78,0.53,94.08
2022-03-03,52.77,-1.62,6.33,3.45,7.37,94.82
2022-03-02,52.77,-1.62,4.85,6.41,5.45,96.02
2022-03-04,52.77,-1.62,4.72,4.6,4.55,92.3
2022-03-05,52.77,-1.62,3.55,6.49,0.3,87.31
2022-03-06,52.77,-1.62,2.94,4.84,0.1,86.78
2022-03-07,52.77,-1.62,1.96,4.82,0.03,86.66
2022-03-10,52.77,-1.62,8.57,6.69,0.2,88.85
2022-03-08,52.77,-1.62,3.7,7.34,0.06,86.03
2022-03-09,52.77,-1.62,7.45,7.52,0.17,87.68
2022-03-12,52.77,-1.62,7.57,7.4,2.78,86.85
2022-03-13,52.77,-1.62,7.61,7.14,1.39,91.23
2022-03-11,52.77,-1.62,8.23,7.72,3.1,93.29
2022-03-14,52.77,-1.62,5.97,4.23,0.06,86.17
2022-03-17,52.77,-1.62,6.13,5.51,0.62,90.42
2022-03-15,52.77,-1.62,6.17,3.59,0.04,88.84
2022-03-16,52.77,-1.62,6.67,3.96,11.3,94.21
2022-03-18,52.77,-1.62,7.82,3.48,0.07,86.92
2022-03-20,52.77,-1.62,4.54,4.41,0.02,84.04
2022-03-22,52.77,-1.62,9.19,4.01,0.01,86.54
2022-03-21,52.77,-1.62,5.43,3.23,0.02,83.2
2022-03-23,52.77,-1.62,9.59,2.34,0.01,74.47
2022-03-24,52.77,-1.62,10.67,1.2,0.0,59.88
2022-03-19,52.77,-1.62,7.13,7.3,0.05,82.22
2022-03-26,52.77,-1.62,9.18,3.09,0.0,74.29
2022-03-27,52.77,-1.62,9.45,3.54,0.11,89.51
2022-03-25,52.77,-1.62,9.81,1.95,0.0,66.14
2022-03-28,52.77,-1.62,9.3,1.88,0.12,82.34
2022-03-29,52.77,-1.62,7.07,3.03,0.16,88.49
2022-03-30,52.77,-1.62,3.95,3.74,4.76,91.25
2022-03-31,52.77,-1.62,1.76,6.41,0.72,83.77
2022-04-01,52.77,-1.62,2.41,4.81,0.37,85.28
2022-04-03,52.77,-1.62,4.18,4.17,0.61,79.58
2022-04-04,52.77,-1.62,8.91,8.09,5.34,94.11
2022-04-05,52.77,-1.62,9.66,8.09,1.26,86.12
2022-04-02,52.77,-1.62,2.76,2.43,0.25,81.63
2022-04-07,52.77,-1.62,5.55,10.09,3.24,83.62
2022-04-06,52.77,-1.62,8.71,8.88,3.96,86.24
2022-04-08,52.77,-1.62,4.34,3.46,0.61,81.6
2022-04-09,52.77,-1.62,3.89,4.63,0.29,82.0
2022-04-11,52.77,-1.62,8.03,6.4,0.2,75.81
2022-04-12,52.77,-1.62,10.49,4.61,5.3,91.79
2022-04-10,52.77,-1.62,5.58,2.68,0.02,79.07
2022-04-13,52.77,-1.62,10.76,3.54,1.84,87.1
2022-04-14,52.77,-1.62,10.89,2.18,0.15,82.62
2022-04-15,52.77,-1.62,13.32,2.8,0.01,79.98
2022-04-16,52.77,-1.62,12.88,4.18,0.05,82.67
2022-04-17,52.77,-1.62,11.71,4.81,0.16,79.53
2022-04-18,52.77,-1.62,9.62,3.15,0.29,80.52
2022-04-19,52.77,-1.62,8.48,2.75,0.72,83.54
2022-04-20,52.77,-1.62,9.39,4.69,0.19,78.87
2022-04-21,52.77,-1.62,9.59,5.88,0.0,76.03
2022-04-22,52.77,-1.62,8.94,7.56,0.03,78.92
2022-04-24,52.77,-1.62,9.0,6.74,0.01,78.44
2022-04-23,52.77,-1.62,9.14,8.47,0.2,82.92
2022-04-25,52.77,-1.62,8.14,3.67,0.14,80.67
2022-04-26,52.77,-1.62,8.44,2.83,0.04,77.89
2022-04-28,52.77,-1.62,7.52,2.91,0.07,79.21
2022-04-27,52.77,-1.62,7.21,3.45,0.02,77.47
2022-04-29,52.77,-1.62,7.77,2.67,0.01,75.05
2022-04-30,52.77,-1.62,8.74,2.51,0.73,76.35
2022-05-02,52.77,-1.62,12.01,1.64,1.18,84.4
2022-05-04,52.77,-1.62,10.8,4.5,5.0,89.8
2022-05-03,52.77,-1.62,9.98,2.05,1.78,90.41
2022-05-05,52.77,-1.62,11.96,2.81,0.49,85.41
2022-05-06,52.77,-1.62,11.97,4.03,3.18,88.92
2022-05-08,52.77,-1.62,11.77,3.36,0.04,79.46
2022-05-01,52.77,-1.62,9.71,2.61,2.49,89.78
2022-05-10,52.77,-1.62,13.07,6.76,0.78,77.8
2022-05-07,52.77,-1.62,12.0,3.93,0.26,82.35
2022-05-11,52.77,-1.62,11.05,5.37,8.69,85.02
2022-05-09,52.77,-1.62,12.45,5.96,0.1,81.32
2022-05-14,52.77,-1.62,14.04,2.32,0.04,77.65
2022-05-12,52.77,-1.62,10.84,5.43,3.11,81.28
2022-05-15,52.77,-1.62,13.8,5.25,13.79,86.1
2022-05-16,52.77,-1.62,14.74,4.51,8.06,87.18
2022-05-13,52.77,-1.62,12.39,6.42,0.06,79.95
2022-05-19,52.77,-1.62,13.54,2.78,0.22,79.63
2022-05-18,52.77,-1.62,13.25,5.02,3.11,82.01
2022-05-17,52.77,-1.62,14.91,5.34,2.24,84.08
2022-05-21,52.77,-1.62,12.53,4.0,0.3,81.8
2022-05-20,52.77,-1.62,11.9,4.8,2.46,83.02
2022-05-22,52.77,-1.62,13.33,4.04,0.76,85.63
2022-05-24,52.77,-1.62,11.14,4.87,1.82,80.81
2022-05-23,52.77,-1.62,11.74,3.32,3.53,85.72
2022-05-25,52.77,-1.62,12.26,6.74,1.15,84.15
2022-05-26,52.77,-1.62,13.03,6.58,1.84,86.48
2022-05-27,52.77,-1.62,11.26,6.34,0.13,74.75
2022-05-28,52.77,-1.62,11.61,3.46,0.1,77.54
2022-05-30,52.77,-1.62,10.09,2.78,2.53,81.58
2022-05-29,52.77,-1.62,10.16,2.65,0.75,77.39
2022-05-31,52.77,-1.62,9.56,3.3,4.65,86.69
2022-06-02,52.77,-1.62,13.15,2.8,0.75,79.18
2022-06-01,52.77,-1.62,11.47,2.57,1.39,80.34
2022-06-03,52.77,-1.62,13.23,4.85,1.32,78.0
2022-06-04,52.77,-1.62,12.17,6.93,0.26,77.97
2022-06-07,52.77,-1.62,14.65,2.15,2.22,79.05
2022-06-08,52.77,-1.62,15.01,5.26,2.71,81.7
2022-06-06,52.77,-1.62,11.17,2.05,1.74,86.9
2022-06-05,52.77,-1.62,10.15,5.13,14.37,91.14
2022-06-09,52.77,-1.62,13.93,5.34,0.71,84.81
2022-06-10,52.77,-1.62,15.07,6.4,0.07,76.73
2022-06-11,52.77,-1.62,14.29,6.91,0.33,78.26
2022-06-12,52.77,-1.62,13.24,5.68,0.36,78.08
2022-06-14,52.77,-1.62,14.43,1.58,0.0,72.52
2022-06-15,52.77,-1.62,16.08,1.91,0.02,74.42
2022-06-16,52.77,-1.62,16.39,2.43,0.0,71.3
2022-06-18,52.77,-1.62,12.73,3.6,6.18,78.7
2022-06-13,52.77,-1.62,13.37,3.35,0.07,78.59
2022-06-17,52.77,-1.62,19.13,4.95,0.06,75.27
2022-06-20,52.77,-1.62,13.93,2.51,0.01,74.64
2022-06-19,52.77,-1.62,13.04,3.85,0.26,81.32
2022-06-22,52.77,-1.62,17.59,2.31,0.02,78.57
2022-06-21,52.77,-1.62,16.51,1.76,0.0,68.58
2022-06-23,52.77,-1.62,18.11,2.77,0.12,76.41
2022-06-25,52.77,-1.62,14.28,7.09,0.72,75.45
2022-06-26,52.77,-1.62,14.06,7.49,0.34,76.15
2022-06-24,52.77,-1.62,16.68,4.89,1.35,79.41
2022-06-27,52.77,-1.62,13.04,4.9,3.23,78.43
2022-06-28,52.77,-1.62,13.88,7.08,2.34,79.15
2022-06-29,52.77,-1.62,15.38,4.62,3.54,83.09
2022-07-01,52.77,-1.62,14.36,4.44,3.28,81.63
2022-07-02,52.77,-1.62,14.65,5.43,2.31,80.15
2022-06-30,52.77,-1.62,14.64,2.34,1.87,80.36
2022-07-03,52.77,-1.62,13.73,3.94,1.25,82.0
2022-07-04,52.77,-1.62,14.3,5.29,0.18,76.9
2022-07-06,52.77,-1.62,16.45,6.34,0.51,83.29
2022-07-07,52.77,-1.62,16.49,4.97,0.14,80.47
2022-07-09,52.77,-1.62,16.44,4.36,0.06,78.48
2022-07-10,52.77,-1.62,18.41,1.88,0.03,73.1
2022-07-05,52.77,-1.62,14.42,4.74,0.04,78.77
2022-07-11,52.77,-1.62,20.4,2.2,0.0,69.34
2022-07-08,52.77,-1.62,16.58,4.14,0.07,81.45
2022-07-12,52.77,-1.62,19.39,3.56,0.1,75.89
2022-07-15,52.77,-1.62,15.13,4.67,0.04,80.51
2022-07-14,52.77,-1.62,14.62,4.45,0.07,77.37
2022-07-16,52.77,-1.62,16.73,1.91,2.02,76.47
2022-07-18,52.77,-1.62,22.09,3.01,0.0,62.47
2022-07-17,52.77,-1.62,19.77,3.42,0.05,71.41
2022-07-19,52.77,-1.62,23.65,3.75,0.0,72.89
2022-07-13,52.77,-1.62,15.95,4.1,0.03,74.72
2022-07-21,52.77,-1.62,16.68,2.55,1.63,84.57
2022-07-20,52.77,-1.62,17.98,5.22,0.29,81.45
2022-07-24,52.77,-1.62,19.33,7.72,2.32,85.17
2022-07-22,52.77,-1.62,15.84,3.97,3.43,86.32
2022-07-23,52.77,-1.62,16.97,4.78,1.26,83.89
2022-07-25,52.77,-1.62,16.65,6.77,2.44,82.59
2022-07-26,52.77,-1.62,14.55,2.2,1.31,82.61
2022-07-28,52.77,-1.62,16.08,3.8,0.63,78.0
2022-07-27,52.77,-1.62,15.52,1.87,0.56,79.74
2022-07-29,52.77,-1.62,16.83,2.53,2.39,79.52
2022-07-30,52.77,-1.62,18.05,4.13,5.89,85.99
2022-07-31,52.77,-1.62,17.65,4.96,4.91,83.12
2022-08-01,52.77,-1.62,16.8,3.16,0.83,75.74
2022-08-04,52.77,-1.62,15.15,4.86,0.19,76.47
2022-08-05,52.77,-1.62,13.47,4.72,0.28,75.33
2022-08-06,52.77,-1.62,14.22,2.98,0.01,75.1
2022-08-07,52.77,-1.62,15.74,3.57,0.0,77.34
2022-08-02,52.77,-1.62,20.37,7.79,3.31,84.53
2022-08-03,52.77,-1.62,18.86,5.68,0.29,77.81
2022-08-08,52.77,-1.62,17.49,1.98,0.03,78.83
2022-08-09,52.77,-1.62,18.5,1.59,0.01,71.31
2022-08-10,52.77,-1.62,20.11,1.83,0.0,66.04
2022-08-11,52.77,-1.62,20.03,2.08,0.02,72.54
2022-08-12,52.77,-1.62,20.33,3.36,0.01,76.05
2022-08-13,52.77,-1.62,20.49,3.61,0.03,76.46
2022-08-15,52.77,-1.62,18.8,2.65,0.9,79.49
2022-08-14,52.77,-1.62,21.04,2.46,0.04,69.6
2022-08-16,52.77,-1.62,16.87,2.45,3.64,88.31
2022-08-17,52.77,-1.62,16.3,5.09,3.93,84.66
2022-08-19,52.77,-1.62,16.05,4.25,0.08,76.61
2022-08-20,52.77,-1.62,16.19,5.98,0.28,78.5
2022-08-21,52.77,-1.62,16.76,2.87,0.82,81.18
2022-08-18,52.77,-1.62,17.28,4.58,0.69,84.97
2022-08-22,52.77,-1.62,17.44,3.21,6.1,87.47
2022-08-23,52.77,-1.62,18.61,3.01,0.48,85.11
2022-08-24,52.77,-1.62,19.0,4.03,4.29,88.17
2022-08-25,52.77,-1.62,15.49,3.64,1.51,83.81
2022-08-26,52.77,-1.62,16.08,1.11,0.55,74.81
2022-08-27,52.77,-1.62,16.7,1.69,0.11,78.02
2022-08-28,52.77,-1.62,16.2,2.33,0.09,80.23
2022-08-29,52.77,-1.62,15.66,4.27,0.05,81.34
2022-08-30,52.77,-1.62,14.09,4.51,0.17,81.35
2022-08-31,52.77,-1.62,15.38,5.18,0.12,81.27
2022-09-01,52.77,-1.62,16.21,5.31,0.09,80.21
2022-09-02,52.77,-1.62,16.32,3.58,0.42,83.24
2022-09-03,52.77,-1.62,16.53,3.33,0.81,86.16
2022-09-04,52.77,-1.62,17.53,5.39,6.41,85.41
2022-09-06,52.77,-1.62,16.31,4.48,6.95,87.07
2022-09-07,52.77,-1.62,16.02,4.77,2.55,84.6
2022-09-08,52.77,-1.62,15.15,3.07,4.77,88.01
2022-09-05,52.77,-1.62,17.79,4.44,3.63,85.7
2022-09-10,52.77,-1.62,15.58,3.46,1.86,87.06
2022-09-11,52.77,-1.62,15.44,3.54,3.06,86.52
2022-09-09,52.77,-1.62,15.05,3.37,3.1,88.52
2022-09-13,52.77,-1.62,13.42,2.31,0.11,83.42
2022-09-12,52.77,-1.62,16.1,4.03,6.05,93.18
2022-09-15,52.77,-1.62,12.53,4.17,0.09,80.54
2022-09-14,52.77,-1.62,13.15,3.43,0.04,85.18
2022-09-18,52.77,-1.62,11.96,4.86,0.71,84.14
2022-09-17,52.77,-1.62,9.71,4.03,0.0,76.39
2022-09-19,52.77,-1.62,12.54,1.67,0.86,86.55
2022-09-16,52.77,-1.62,10.27,4.52,0.2,77.95
2022-09-22,52.77,-1.62,12.89,4.44,3.84,87.54
2022-09-20,52.77,-1.62,13.28,1.83,0.24,83.27
2022-09-21,52.77,-1.62,13.23,3.31,0.0,81.5
2022-09-23,52.77,-1.62,12.6,3.64,0.72,84.39
2022-09-25,52.77,-1.62,10.07,4.5,0.37,83.44
2022-09-26,52.77,-1.62,11.01,7.15,2.21,81.19
2022-09-24,52.77,-1.62,10.42,3.76,0.39,84.98
2022-09-27,52.77,-1.62,9.34,5.88,2.01,85.58
2022-09-28,52.77,-1.62,9.17,4.19,2.93,85.18
2022-09-29,52.77,-1.62,10.85,4.12,0.66,87.82
2022-09-30,52.77,-1.62,10.34,6.25,13.12,96.55
2022-10-03,52.77,-1.62,11.35,3.61,0.08,87.38
2022-10-01,52.77,-1.62,12.25,6.02,2.46,87.15
2022-10-02,52.77,-1.62,11.17,3.76,0.1,86.78
2022-10-05,52.77,-1.62,13.35,8.66,6.71,85.89
2022-10-04,52.77,-1.62,14.15,7.33,1.88,92.62
2022-10-07,52.77,-1.62,11.96,7.22,7.29,89.68
2022-10-08,52.77,-1.62,9.95,4.03,1.23,84.83
2022-10-06,52.77,-1.62,11.54,7.3,2.06,88.99
2022-10-09,52.77,-1.62,9.85,6.08,0.73,83.2
2022-10-10,52.77,-1.62,9.48,4.84,2.46,83.6
2022-10-11,52.77,-1.62,8.17,3.04,0.01,83.69
2022-10-12,52.77,-1.62,9.86,4.93,1.92,90.31
2022-10-13,52.77,-1.62,9.81,2.16,0.07,88.42
2022-10-14,52.77,-1.62,10.83,3.67,1.8,91.03
2022-10-15,52.77,-1.62,10.87,7.3,4.48,86.05
2022-10-16,52.77,-1.62,10.29,5.74,3.97,82.97
2022-10-17,52.77,-1.62,11.99,6.07,0.69,86.86
2022-10-18,52.77,-1.62,9.44,2.98,0.14,86.94
2022-10-19,52.77,-1.62,10.57,7.63,9.27,89.54
2022-10-20,52.77,-1.62,11.4,3.11,10.27,96.58
2022-10-22,52.77,-1.62,12.67,5.31,1.8,91.86
2022-10-21,52.77,-1.62,12.41,6.03,9.33,95.66
2022-10-23,52.77,-1.62,12.78,4.08,11.27,97.14
2022-10-24,52.77,-1.62,11.58,5.1,2.57,93.14
2022-10-25,52.77,-1.62,11.73,5.2,1.6,91.46
2022-10-26,52.77,-1.62,13.73,7.45,0.5,88.77
2022-10-27,52.77,-1.62,13.92,5.22,3.25,95.44
2022-10-30,52.77,-1.62,11.83,6.29,1.05,94.41
2022-10-29,52.77,-1.62,12.88,5.3,4.66,96.39
2022-10-31,52.77,-1.62,12.05,6.03,11.96,92.89
2022-11-01,52.77,-1.62,10.07,6.46,7.1,90.92
2022-11-02,52.77,-1.62,9.52,9.23,3.82,90.63
2022-11-03,52.77,-1.62,7.96,3.06,0.85,93.15
2022-11-04,52.77,-1.62,6.45,4.43,0.25,92.48
2022-11-05,52.77,-1.62,8.45,4.86,2.84,97.7
2022-11-06,52.77,-1.62,8.97,4.93,1.92,95.6
2022-11-07,52.77,-1.62,10.79,7.99,1.88,95.16
2022-11-08,52.77,-1.62,10.7,8.69,7.6,91.56
2022-11-09,52.77,-1.62,9.06,5.88,1.88,93.45
2022-11-10,52.77,-1.62,11.47,8.58,0.55,93.2
2022-11-11,52.77,-1.62,12.67,7.96,0.23,91.91
2022-11-12,52.77,-1.62,9.5,4.3,0.22,96.45
2022-11-13,52.77,-1.62,9.51,4.5,0.26,96.67
2022-11-14,52.77,-1.62,9.34,3.3,0.84,97.36
2022-11-15,52.77,-1.62,7.47,5.8,13.75,96.23
2022-11-16,52.77,-1.62,6.53,4.38,2.59,95.62
2022-11-17,52.77,-1.62,7.7,8.14,25.81,95.59
2022-11-18,52.77,-1.62,7.88,6.55,1.15,93.38
2022-11-19,52.77,-1.62,6.15,2.83,0.67,95.6
2022-11-20,52.77,-1.62,5.34,4.25,3.94,95.53
2022-11-21,52.77,-1.62,4.13,4.61,15.07,97.68
2022-11-22,52.77,-1.62,5.19,3.91,3.13,96.59
2022-11-23,52.77,-1.62,5.94,6.3,8.3,95.66
2022-11-24,52.77,-1.62,6.62,7.39,5.57,96.53
2022-11-25,52.77,-1.62,6.92,5.61,1.16,95.93
2022-11-26,52.77,-1.62,8.31,7.98,7.4,94.81
2022-10-28,52.77,-1.62,13.39,5.97,1.52,89.52
2022-11-28,52.77,-1.62,6.76,2.26,0.41,94.77
2022-11-27,52.77,-1.62,8.33,4.36,1.64,97.37
2022-11-30,52.77,-1.62,3.97,2.17,0.37,96.79
2022-12-01,52.77,-1.62,4.24,1.62,0.21,96.31
2022-12-03,52.77,-1.62,4.09,5.07,0.52,96.28
2022-12-04,52.77,-1.62,3.53,4.39,1.63,96.72
2022-11-29,52.77,-1.62,5.51,1.38,0.49,95.2
2022-12-02,52.77,-1.62,3.77,2.41,0.18,97.03
2022-12-06,52.77,-1.62,1.69,3.94,0.17,97.79
2022-12-08,52.77,-1.62,-1.64,2.71,0.16,96.79
2022-12-05,52.77,-1.62,4.2,5.09,0.6,96.67
2022-12-09,52.77,-1.62,-0.94,3.1,0.23,97.65
2022-12-10,52.77,-1.62,-0.09,2.53,0.8,98.71
2022-12-07,52.77,-1.62,-0.43,3.46,0.12,96.75
2022-12-13,52.77,-1.62,-2.01,2.39,0.16,97.57
2022-12-12,52.77,-1.62,-1.82,1.44,0.28,97.41
2022-12-15,52.77,-1.62,-3.02,3.48,1.6,98.75
2022-12-14,52.77,-1.62,-2.96,3.83,0.03,96.62
2022-12-16,52.77,-1.62,-2.62,3.12,9.31,98.86
2022-12-17,52.77,-1.62,-0.78,5.34,0.96,98.65
2022-12-18,52.77,-1.62,0.3,6.95,5.33,97.92
2022-12-11,52.77,-1.62,-0.73,1.27,0.4,97.97
2022-12-20,52.77,-1.62,6.14,5.17,6.59,97.9
2022-12-19,52.77,-1.62,9.19,8.56,2.19,97.78
2022-12-22,52.77,-1.62,4.27,2.74,1.19,98.96
2022-12-23,52.77,-1.62,3.97,3.93,10.28,98.25
2022-12-21,52.77,-1.62,5.0,5.91,2.2,98.15
2022-12-24,52.77,-1.62,6.14,5.59,2.46,97.51
2022-12-25,52.77,-1.62,7.48,5.98,0.74,97.7
2022-12-26,52.77,-1.62,3.35,6.13,1.2,95.0
2022-12-28,52.77,-1.62,7.36,7.67,6.53,95.27
2022-12-27,52.77,-1.62,4.72,7.0,6.66,97.4
2022-12-29,52.77,-1.62,5.5,8.07,2.14,93.08
2022-12-30,52.77,-1.62,6.93,9.13,2.12,94.6
2022-12-31,52.77,-1.62,8.73,6.8,10.54,96.67
2023-01-01,52.77,-1.62,6.68,6.68,0.92,96.61
2023-01-02,52.77,-1.62,3.12,3.44,0.37,96.13
2023-01-03,52.77,-1.62,6.46,7.98,8.62,96.7
2023-01-04,52.77,-1.62,9.96,9.28,2.13,91.81
2023-01-05,52.77,-1.62,9.06,6.82,2.9,94.42
2023-01-06,52.77,-1.62,6.5,6.83,1.21,95.91
2023-01-07,52.77,-1.62,8.44,9.58,7.83,93.36
2023-01-08,52.77,-1.62,5.34,6.42,2.04,96.35
2023-01-09,52.77,-1.62,4.96,7.27,1.37,92.66
2023-01-10,52.77,-1.62,6.68,8.38,10.96,95.38
2023-01-11,52.77,-1.62,5.88,8.18,5.33,93.4
2023-01-12,52.77,-1.62,8.38,10.46,2.31,88.62
2023-01-13,52.77,-1.62,5.73,10.17,2.16,89.7
2023-01-14,52.77,-1.62,5.7,8.73,8.29,90.51
2023-01-15,52.77,-1.62,3.53,6.96,1.4,92.99
2023-01-16,52.77,-1.62,0.07,4.05,0.37,94.25
2023-01-17,52.77,-1.62,-1.24,3.57,0.26,96.44
2023-01-18,52.77,-1.62,0.42,5.0,0.77,97.3
2023-01-19,52.77,-1.62,0.1,4.13,0.31,96.37
2023-01-20,52.77,-1.62,0.96,3.77,0.21,97.21
2023-01-21,52.77,-1.62,-0.72,3.11,0.23,96.96
2023-01-22,52.77,-1.62,-0.4,4.15,0.19,96.68
2023-01-23,52.77,-1.62,0.13,3.01,0.08,96.45
2023-01-24,52.77,-1.62,2.9,1.78,0.27,98.57
2023-01-25,52.77,-1.62,5.38,4.69,0.59,97.63
2023-01-26,52.77,-1.62,2.54,4.56,0.32,96.77
2023-01-27,52.77,-1.62,2.68,2.65,0.42,94.89
2023-01-28,52.77,-1.62,2.84,2.82,0.38,98.44
2023-01-29,52.77,-1.62,5.21,5.73,0.61,95.93
2023-01-30,52.77,-1.62,4.41,6.49,0.06,90.74
2023-01-31,52.77,-1.62,5.64,8.52,0.32,87.57
2023-02-01,52.77,-1.62,6.0,9.01,0.55,90.65
2023-02-02,52.77,-1.62,7.58,7.43,0.63,93.2
2023-02-03,52.77,-1.62,8.11,6.04,0.26,93.54
2023-02-04,52.77,-1.62,6.97,4.48,0.29,93.48
2023-02-05,52.77,-1.62,2.28,2.61,0.0,86.29
2023-02-06,52.77,-1.62,0.16,2.95,0.02,94.41
2023-02-07,52.77,-1.62,2.72,1.95,0.15,95.8
2023-02-08,52.77,-1.62,1.77,4.69,0.15,92.89
2023-02-09,52.77,-1.62,2.86,3.85,0.06,90.85
2023-02-10,52.77,-1.62,4.06,5.0,0.05,96.53
2023-02-11,52.77,-1.62,7.15,3.35,0.17,92.23
2023-02-12,52.77,-1.62,6.26,2.32,0.08,87.54
2023-02-13,52.77,-1.62,3.8,3.77,0.17,96.43
2023-02-14,52.77,-1.62,4.76,3.72,0.24,92.75
2023-02-15,52.77,-1.62,4.4,4.82,0.58,97.45
2023-02-16,52.77,-1.62,7.85,5.93,2.62,95.19
2023-02-17,52.77,-1.62,10.24,8.12,1.35,90.71
2023-02-18,52.77,-1.62,9.6,8.39,1.03,89.67
2023-02-19,52.77,-1.62,7.69,6.14,0.22,89.62
2023-02-20,52.77,-1.62,9.26,6.97,0.19,91.68
2023-02-21,52.77,-1.62,7.47,3.79,0.15,94.13
2023-02-22,52.77,-1.62,5.61,5.08,3.78,91.25
2023-02-23,52.77,-1.62,3.5,4.97,0.54,84.61
2023-02-24,52.77,-1.62,5.14,5.21,0.55,89.99
2023-02-25,52.77,-1.62,2.36,5.6,0.18,86.53
2023-02-26,52.77,-1.62,2.15,4.72,0.03,84.51
2023-02-27,52.77,-1.62,3.46,4.51,0.51,91.05
2023-02-28,52.77,-1.62,5.18,5.2,1.21,91.59
2023-03-01,52.77,-1.62,4.98,5.63,1.76,90.87
2023-03-02,52.77,-1.62,3.53,3.11,0.35,87.25
2023-03-03,52.77,-1.62,2.79,2.84,0.14,88.21
2023-03-04,52.77,-1.62,1.84,2.78,0.04,87.05
2023-03-05,52.77,-1.62,1.58,2.94,0.59,91.09
2023-03-06,52.77,-1.62,3.89,4.57,3.25,94.85
2023-03-07,52.77,-1.62,1.13,2.6,1.24,80.31
2023-03-08,52.77,-1.62,-0.27,5.29,3.02,86.58
2023-03-09,52.77,-1.62,0.16,6.96,10.07,94.98
2023-03-10,52.77,-1.62,0.5,6.09,6.13,86.55
2023-03-11,52.77,-1.62,0.48,3.71,7.89,89.75
2023-03-12,52.77,-1.62,7.92,7.27,4.0,92.18
2023-03-13,52.77,-1.62,9.76,11.01,8.12,89.2
2023-03-14,52.77,-1.62,3.26,5.69,2.24,85.95
2023-03-15,52.77,-1.62,2.69,4.7,3.26,94.03
2023-03-16,52.77,-1.62,8.6,7.11,4.61,95.31
2023-03-17,52.77,-1.62,9.66,4.79,1.32,90.45
2023-03-18,52.77,-1.62,9.4,3.25,4.61,91.65
2023-03-19,52.77,-1.62,6.68,4.51,1.04,87.51
2023-03-20,52.77,-1.62,9.76,5.34,6.13,93.68
2023-03-21,52.77,-1.62,9.78,7.59,3.67,88.47
2023-03-22,52.77,-1.62,10.06,9.36,4.2,79.37
2023-03-23,52.77,-1.62,8.47,7.92,1.31,87.08
2023-03-24,52.77,-1.62,7.95,8.64,1.5,85.84
2023-03-25,52.77,-1.62,7.97,7.19,2.58,85.4
2023-03-26,52.77,-1.62,5.29,4.74,1.34,87.56
2023-03-27,52.77,-1.62,4.13,1.99,0.05,78.11
2023-03-28,52.77,-1.62,5.55,6.37,3.71,94.23
2023-03-29,52.77,-1.62,10.35,6.22,8.28,94.53
2023-03-30,52.77,-1.62,10.51,6.65,4.89,87.68
2023-03-31,52.77,-1.62,9.4,5.1,6.62,92.01
2023-04-01,52.77,-1.62,6.94,4.33,1.61,88.39
2023-04-02,52.77,-1.62,6.03,3.61,0.13,81.64
2023-04-03,52.77,-1.62,4.53,3.94,0.01,80.1
2023-04-04,52.77,-1.62,4.7,3.33,0.0,78.62
2023-04-05,52.77,-1.62,6.36,4.24,8.26,94.8
2023-04-06,52.77,-1.62,7.94,5.78,1.99,87.97
2023-04-07,52.77,-1.62,7.2,2.81,0.06,77.99
2023-04-08,52.77,-1.62,7.69,3.02,0.03,82.18
2023-04-09,52.77,-1.62,9.02,5.51,0.95,82.09
2023-04-10,52.77,-1.62,9.16,7.68,6.05,84.79
2023-04-11,52.77,-1.62,7.11,8.34,6.87,85.52
2023-04-12,52.77,-1.62,4.97,8.08,4.19,88.01
2023-04-13,52.77,-1.62,6.34,8.1,2.09,81.59
2023-04-14,52.77,-1.62,5.29,2.97,10.34,92.41
2023-04-15,52.77,-1.62,7.92,2.35,1.63,85.48
2023-04-16,52.77,-1.62,8.82,2.55,0.8,89.84
2023-04-17,52.77,-1.62,10.57,2.9,0.62,86.35
2023-04-18,52.77,-1.62,7.98,6.36,0.05,76.76
2023-04-19,52.77,-1.62,8.12,7.19,0.08,80.15
2023-04-20,52.77,-1.62,7.82,6.71,0.16,74.82
2023-04-21,52.77,-1.62,8.17,5.53,6.28,88.1
2023-04-22,52.77,-1.62,8.34,2.56,2.82,84.27
2023-04-23,52.77,-1.62,8.3,3.79,3.42,90.01
2023-04-24,52.77,-1.62,5.5,3.77,0.87,82.57
2023-04-25,52.77,-1.62,5.28,2.38,0.02,72.44
2023-04-26,52.77,-1.62,7.01,2.54,0.03,77.3
2023-04-27,52.77,-1.62,7.62,5.11,7.12,86.55
2023-04-28,52.77,-1.62,10.18,3.32,2.4,88.88
2023-04-29,52.77,-1.62,11.94,1.56,1.67,85.95
2023-04-30,52.77,-1.62,10.83,4.28,1.98,90.43
2023-05-01,52.77,-1.62,11.23,4.29,1.66,88.11
2023-05-02,52.77,-1.62,10.51,3.23,0.13,82.96
2023-05-03,52.77,-1.62,9.21,5.14,0.02,78.69
2023-05-05,52.77,-1.62,12.48,4.19,4.96,87.9
2023-05-04,52.77,-1.62,10.17,7.38,0.76,83.85
2023-05-06,52.77,-1.62,11.65,3.12,3.27,91.03
2023-05-07,52.77,-1.62,13.73,2.65,0.68,84.24
2023-05-08,52.77,-1.62,12.2,4.9,9.64,93.93
2023-05-09,52.77,-1.62,12.5,3.32,1.67,87.64
2023-05-10,52.77,-1.62,11.14,3.61,4.4,87.35
2023-05-11,52.77,-1.62,11.38,2.0,4.02,86.6
2023-05-12,52.77,-1.62,11.2,5.83,0.82,86.08
2023-05-13,52.77,-1.62,11.83,3.12,0.04,79.33
2023-05-14,52.77,-1.62,12.42,3.61,0.5,82.73
2023-05-15,52.77,-1.62,9.75,5.57,0.06,77.37
2023-05-16,52.77,-1.62,10.16,5.19,0.08,81.17
2023-05-17,52.77,-1.62,11.97,2.72,0.08,79.98
2023-05-18,52.77,-1.62,13.86,2.13,0.01,73.64
2023-05-19,52.77,-1.62,12.56,2.77,1.64,84.87
2023-05-20,52.77,-1.62,11.66,3.73,0.03,76.6
2023-05-21,52.77,-1.62,11.76,3.37,0.0,73.14
2023-05-22,52.77,-1.62,12.98,4.28,0.02,76.35
2023-05-23,52.77,-1.62,12.6,2.57,0.02,79.26
2023-05-24,52.77,-1.62,13.17,4.32,0.06,81.02
2023-05-25,52.77,-1.62,14.23,2.37,0.03,78.84
2023-05-26,52.77,-1.62,14.01,2.15,0.01,75.3
2023-05-27,52.77,-1.62,13.47,2.1,0.01,73.25
2023-05-28,52.77,-1.62,13.35,4.27,0.04,80.85
2023-05-29,52.77,-1.62,11.04,4.31,0.0,76.74
2023-05-30,52.77,-1.62,11.9,4.76,0.04,81.21
2023-05-31,52.77,-1.62,12.32,5.08,0.24,81.75
2023-06-01,52.77,-1.62,12.25,4.87,0.04,78.01
2023-06-02,52.77,-1.62,11.87,4.4,0.01,71.29
2023-06-03,52.77,-1.62,12.21,3.62,0.04,75.06
2023-06-04,52.77,-1.62,12.43,3.46,0.01,77.83
2023-06-05,52.77,-1.62,12.03,4.0,0.04,78.53
2023-06-06,52.77,-1.62,11.73,4.04,0.08,80.99
2023-06-07,52.77,-1.62,12.06,4.28,0.05,76.36
2023-06-08,52.77,-1.62,12.32,5.14,0.06,76.53
2023-06-09,52.77,-1.62,13.92,6.3,0.07,77.19
2023-06-10,52.77,-1.62,17.71,5.48,0.52,79.74
2023-06-11,52.77,-1.62,19.62,1.96,2.33,78.48
2023-06-12,52.77,-1.62,20.35,3.09,4.22,82.46
2023-06-13,52.77,-1.62,18.68,5.04,0.06,74.75
2023-06-14,52.77,-1.62,16.37,4.64,0.03,75.11
2023-06-15,52.77,-1.62,17.47,3.31,0.05,76.25
2023-06-16,52.77,-1.62,18.1,3.12,0.01,70.58
2023-06-17,52.77,-1.62,16.42,3.45,0.13,74.16
2023-06-18,52.77,-1.62,17.37,2.74,21.59,88.8
2023-06-19,52.77,-1.62,17.78,4.07,2.71,80.45
2023-06-20,52.77,-1.62,16.79,2.47,11.98,85.97
2023-06-21,52.77,-1.62,17.73,3.37,2.33,79.62
2023-06-22,52.77,-1.62,18.71,1.98,0.64,77.86
2023-06-23,52.77,-1.62,18.03,3.67,0.5,81.58
2023-06-24,52.77,-1.62,20.51,4.07,0.16,81.29
2023-06-25,52.77,-1.62,19.42,5.54,2.47,79.57
2023-06-26,52.77,-1.62,15.56,5.12,0.66,77.56
2023-06-27,52.77,-1.62,16.09,4.43,1.97,86.22
2023-06-28,52.77,-1.62,18.33,4.75,3.38,87.16
2023-06-29,52.77,-1.62,15.0,4.48,0.45,76.55
2023-06-30,52.77,-1.62,15.17,5.67,2.02,85.62
2023-07-01,52.77,-1.62,15.43,7.16,0.68,77.59
2023-07-02,52.77,-1.62,13.74,6.37,0.23,75.35
2023-07-03,52.77,-1.62,12.55,6.1,2.48,80.69
2023-07-04,52.77,-1.62,13.31,4.14,1.51,79.22
2023-07-05,52.77,-1.62,13.77,5.06,0.51,78.58
2023-07-06,52.77,-1.62,15.16,5.52,0.11,76.02
2023-07-07,52.77,-1.62,18.08,5.36,0.02,73.56
2023-07-08,52.77,-1.62,19.11,4.56,6.02,81.78
2023-07-09,52.77,-1.62,17.12,3.36,1.74,83.69
2023-07-10,52.77,-1.62,15.87,5.9,1.97,84.81
2023-07-11,52.77,-1.62,16.06,5.08,5.75,86.33
2023-07-12,52.77,-1.62,15.14,5.75,2.51,81.55
2023-07-13,52.77,-1.62,15.64,3.69,0.78,80.1
2023-07-14,52.77,-1.62,14.96,6.35,11.28,91.7
2023-07-15,52.77,-1.62,15.68,9.19,7.22,83.12
2023-07-16,52.77,-1.62,15.19,7.28,2.8,79.98
2023-07-17,52.77,-1.62,14.82,4.8,2.54,80.68
2023-07-18,52.77,-1.62,14.56,2.94,6.01,82.99
2023-07-19,52.77,-1.62,15.27,3.63,1.29,81.67
2023-07-20,52.77,-1.62,13.92,3.59,0.53,78.57
2023-07-21,52.77,-1.62,13.87,4.19,1.58,81.33
2023-07-22,52.77,-1.62,14.78,6.23,13.88,92.17
2023-07-23,52.77,-1.62,16.8,5.39,9.94,87.01
2023-07-24,52.77,-1.62,14.44,4.67,5.45,79.31
2023-07-25,52.77,-1.62,13.59,3.94,0.54,78.63
2023-07-26,52.77,-1.62,14.28,4.7,15.68,81.61
2023-07-27,52.77,-1.62,18.05,4.58,2.65,87.11
2023-07-28,52.77,-1.62,16.96,4.1,0.19,84.5
2023-07-29,52.77,-1.62,16.33,6.29,0.34,78.08
2023-07-30,52.77,-1.62,15.6,6.44,3.11,84.92
2023-07-31,52.77,-1.62,16.21,6.12,2.88,87.45
2023-08-01,52.77,-1.62,15.49,5.21,1.34,83.96
2023-08-02,52.77,-1.62,15.82,4.86,15.58,85.82
2023-08-03,52.77,-1.62,15.5,5.06,1.76,82.72
2023-08-04,52.77,-1.62,14.59,4.82,2.02,83.45
2023-08-05,52.77,-1.62,11.87,5.3,14.67,89.44
2023-08-06,52.77,-1.62,13.32,5.04,2.39,83.79
2023-08-07,52.77,-1.62,13.91,4.46,0.11,80.52
2023-08-08,52.77,-1.62,13.94,3.65,0.75,85.02
2023-08-09,52.77,-1.62,17.24,2.4,0.09,79.92
2023-08-10,52.77,-1.62,20.36,3.93,0.08,81.47
2023-08-11,52.77,-1.62,18.26,5.56,0.6,78.96
2023-08-12,52.77,-1.62,16.77,6.88,1.67,83.76
2023-08-13,52.77,-1.62,15.93,5.28,1.45,82.83
2023-08-14,52.77,-1.62,17.15,6.19,10.75,87.71
2023-08-15,52.77,-1.62,16.0,3.58,1.49,84.28
2023-08-16,52.77,-1.62,16.38,1.95,0.06,79.33
2023-08-17,52.77,-1.62,16.85,5.66,0.14,79.73
2023-08-18,52.77,-1.62,17.65,6.75,7.52,87.49
2023-08-19,52.77,-1.62,18.29,7.54,1.5,81.07
2023-08-20,52.77,-1.62,16.72,4.5,0.11,82.0
2023-08-21,52.77,-1.62,16.67,5.19,0.17,82.62
2023-08-22,52.77,-1.62,17.29,5.13,0.54,83.42
2023-08-23,52.77,-1.62,16.98,2.67,0.39,84.7
2023-08-24,52.77,-1.62,15.58,3.5,0.2,83.2
2023-08-25,52.77,-1.62,13.18,3.39,0.95,85.0
2023-08-26,52.77,-1.62,13.18,3.03,4.65,86.87
2023-08-27,52.77,-1.62,13.03,4.72,2.55,88.76
2023-08-28,52.77,-1.62,13.8,3.96,0.62,84.29
2023-08-29,52.77,-1.62,13.56,3.92,1.53,86.33
2023-08-30,52.77,-1.62,13.13,4.73,1.07,83.61
2023-08-31,52.77,-1.62,12.65,2.93,5.59,88.92
2023-09-01,52.77,-1.62,15.68,2.2,1.03,87.3
2023-09-02,52.77,-1.62,16.88,2.19,0.08,82.42
2023-09-03,52.77,-1.62,18.24,1.94,0.03,76.44
2023-09-04,52.77,-1.62,18.76,2.71,0.01,80.48
2023-09-05,52.77,-1.62,17.91,4.49,0.08,82.64
2023-09-06,52.77,-1.62,19.29,2.03,0.06,80.13
2023-09-07,52.77,-1.62,20.05,2.81,0.03,84.54
2023-09-08,52.77,-1.62,21.14,1.19,0.04,77.46
2023-09-09,52.77,-1.62,21.46,1.68,0.67,78.66
2023-09-10,52.77,-1.62,20.13,2.44,1.15,86.15
2023-09-11,52.77,-1.62,18.32,3.72,4.16,88.38
2023-09-12,52.77,-1.62,15.09,3.29,14.8,91.09
2023-09-13,52.77,-1.62,12.75,2.93,0.13,77.34
2023-09-14,52.77,-1.62,15.34,3.23,3.72,89.07
2023-09-15,52.77,-1.62,16.01,2.42,0.3,82.11
2023-09-16,52.77,-1.62,15.48,4.26,0.2,86.71
2023-09-17,52.77,-1.62,16.11,5.37,4.95,86.96
2023-09-18,52.77,-1.62,13.99,5.97,7.83,87.09
2023-09-19,52.77,-1.62,14.69,9.71,4.93,90.55
2023-09-20,52.77,-1.62,14.88,8.46,10.24,89.98
2023-09-21,52.77,-1.62,11.31,3.64,2.72,88.63
2023-09-22,52.77,-1.62,10.44,4.9,2.1,90.81
2023-09-23,52.77,-1.62,11.44,4.52,0.93,81.61
2023-09-24,52.77,-1.62,15.67,9.52,3.88,87.14
2023-09-25,52.77,-1.62,14.08,5.32,0.2,87.85
2023-09-26,52.77,-1.62,13.9,5.15,2.59,89.82
2023-09-27,52.77,-1.62,13.7,7.43,5.19,92.59
2023-09-28,52.77,-1.62,13.71,5.88,2.49,86.04
2023-09-29,52.77,-1.62,12.77,4.62,0.33,87.11
2023-09-30,52.77,-1.62,12.49,4.75,3.29,88.78
2023-10-01,52.77,-1.62,16.67,4.69,1.76,93.03
2023-10-02,52.77,-1.62,13.23,2.34,3.91,88.52
2023-10-03,52.77,-1.62,11.78,5.87,1.88,88.44
2023-10-04,52.77,-1.62,12.11,6.24,0.48,89.22
2023-10-05,52.77,-1.62,13.33,6.43,1.57,90.46
2023-10-06,52.77,-1.62,16.05,7.51,1.44,89.68
2023-10-07,52.77,-1.62,15.29,4.65,0.33,89.7
2023-10-08,52.77,-1.62,15.4,2.37,0.01,86.11
2023-10-09,52.77,-1.62,15.62,2.93,0.06,91.55
2023-10-10,52.77,-1.62,14.69,4.97,0.08,84.14
2023-10-11,52.77,-1.62,13.21,4.46,14.99,94.5
2023-10-12,52.77,-1.62,9.43,2.02,2.38,84.45
2023-10-13,52.77,-1.62,11.88,5.8,19.59,91.22
2023-10-14,52.77,-1.62,7.73,5.33,2.88,86.86
2023-10-15,52.77,-1.62,5.78,2.88,0.03,81.44
2023-10-16,52.77,-1.62,5.82,2.28,0.03,91.32
2023-10-17,52.77,-1.62,9.11,6.84,0.06,85.26
2023-10-18,52.77,-1.62,10.67,8.72,14.91,89.1
2023-10-19,52.77,-1.62,13.79,5.29,8.68,93.81
2023-10-20,52.77,-1.62,10.87,8.61,42.18,94.71
2023-10-21,52.77,-1.62,8.15,3.56,4.17,92.42
2023-10-22,52.77,-1.62,8.18,3.26,0.35,90.32
2023-10-23,52.77,-1.62,9.02,4.2,0.36,96.15
2023-10-24,52.77,-1.62,8.71,1.81,3.61,94.76
2023-10-25,52.77,-1.62,6.98,2.15,0.4,92.56
2023-10-26,52.77,-1.62,8.55,3.06,4.41,95.96
2023-10-27,52.77,-1.62,8.44,2.88,1.48,97.52
2023-10-28,52.77,-1.62,9.6,4.44,6.15,94.85
2023-10-29,52.77,-1.62,9.15,4.5,1.25,94.82
2023-10-30,52.77,-1.62,9.26,2.9,2.73,94.56
2023-10-31,52.77,-1.62,8.7,2.88,6.27,96.27
2023-11-01,52.77,-1.62,9.38,6.92,6.19,93.04
2023-11-02,52.77,-1.62,8.54,7.75,15.13,95.23
2023-11-03,52.77,-1.62,8.43,5.87,0.92,92.83
2023-11-04,52.77,-1.62,6.36,4.77,7.02,96.96
2023-11-05,52.77,-1.62,7.54,5.38,1.42,93.87
2023-11-06,52.77,-1.62,7.29,5.75,2.02,94.48
2023-11-07,52.77,-1.62,7.29,5.4,0.61,94.79
2023-11-08,52.77,-1.62,6.92,5.94,2.94,91.7
2023-11-09,52.77,-1.62,6.03,5.52,2.45,95.83
2023-11-10,52.77,-1.62,5.61,3.99,1.01,94.15
2023-11-11,52.77,-1.62,5.78,3.23,0.39,92.69
2023-11-12,52.77,-1.62,5.18,4.61,3.83,97.58
2023-11-13,52.77,-1.62,9.77,9.85,9.01,89.23
2023-11-14,52.77,-1.62,9.11,5.84,3.62,95.17
2023-11-15,52.77,-1.62,7.08,6.21,0.57,92.96
2023-11-16,52.77,-1.62,4.97,2.0,1.71,98.55
2023-11-17,52.77,-1.62,6.03,3.44,2.06,96.29
2023-11-18,52.77,-1.62,10.21,7.43,7.68,95.92
2023-11-19,52.77,-1.62,10.13,8.19,3.39,92.86
2023-11-20,52.77,-1.62,8.76,4.78,1.41,95.31
2023-11-21,52.77,-1.62,6.67,4.75,0.25,94.18
2023-11-22,52.77,-1.62,7.75,5.3,0.91,97.0
2023-11-23,52.77,-1.62,9.93,8.41,0.93,92.87
2023-11-24,52.77,-1.62,3.58,5.92,0.15,85.8
2023-11-25,52.77,-1.62,0.13,2.6,0.03,95.09
2023-11-26,52.77,-1.62,1.97,2.34,1.96,97.78
2023-11-27,52.77,-1.62,3.82,3.97,9.4,97.45
2023-11-28,52.77,-1.62,2.39,3.14,1.79,97.49
2023-11-29,52.77,-1.62,-1.52,2.52,0.04,97.29
2023-11-30,52.77,-1.62,-0.81,4.25,0.09,97.11
2023-12-01,52.77,-1.62,-1.34,2.45,0.14,97.62
2023-12-02,52.77,-1.62,-1.43,3.24,2.95,96.19
2023-12-03,52.77,-1.62,-0.22,2.85,11.61,97.6
2023-12-04,52.77,-1.62,1.56,4.42,13.18,98.21
2023-12-05,52.77,-1.62,1.25,4.01,3.17,98.39
2023-12-06,52.77,-1.62,-0.32,3.43,0.89,97.33
2023-12-07,52.77,-1.62,3.64,7.8,15.9,97.5
2023-12-08,52.77,-1.62,6.37,5.59,2.01,97.92
2023-12-09,52.77,-1.62,7.25,10.14,10.08,90.73
2023-12-10,52.77,-1.62,6.72,7.45,5.73,94.21
2023-12-11,52.77,-1.62,6.73,5.01,0.97,96.55
2023-12-12,52.77,-1.62,6.94,3.65,5.82,98.34
2023-12-13,52.77,-1.62,4.03,6.05,0.48,94.59
2023-12-14,52.77,-1.62,3.67,3.73,0.51,98.12
2023-12-15,52.77,-1.62,4.21,4.3,0.07,96.63
2023-12-16,52.77,-1.62,8.37,6.09,0.25,96.34
2023-12-17,52.77,-1.62,8.31,7.9,0.26,93.82
2023-12-18,52.77,-1.62,9.88,6.6,4.99,96.59
2023-12-19,52.77,-1.62,7.18,5.34,4.45,95.13
2023-12-20,52.77,-1.62,7.91,9.17,1.48,93.47
2023-12-21,52.77,-1.62,9.09,13.19,1.13,87.06
2023-12-22,52.77,-1.62,8.47,10.72,2.17,91.38
2023-12-23,52.77,-1.62,8.81,9.59,2.78,93.26
2023-12-24,52.77,-1.62,10.77,10.26,1.5,92.95
2023-12-25,52.77,-1.62,7.64,6.53,2.35,94.68
2023-12-26,52.77,-1.62,5.18,4.87,0.42,93.66
2023-12-27,52.77,-1.62,7.67,10.38,20.23,94.14
2023-12-28,52.77,-1.62,7.98,11.15,3.99,89.24
2023-12-29,52.77,-1.62,5.05,7.7,1.19,92.27
2023-12-30,52.77,-1.62,6.5,7.84,17.42,96.3
2023-12-31,52.77,-1.62,6.15,6.88,3.33,95.64
2024-01-01,52.77,-1.62,5.75,7.35,15.59,93.98
